Cycle,,AD09X,ASX,BNDGLB,CY00,DWCF,GECU10YR,GUKG10,HFRXAR,IADMGOLD,IBOXIG,IDCOTCTR,LBUSTRUU,MXASJ,MXEF,MXEU,MXUSMC,NDEUCHF,RTY,SPBDU1ST,SPGSCI,SPGTIND,SPLPEQTY,SPVXSTR,SPX,SREITGL,STCGUSRE,TPX,TRVCI,U0A0
1,AD09X,0.002381050245056602,0.00205412295662518,-0.000464137188006319,-0.00028950653848819786,0.0016386641100785981,0.0068188485936308075,0.008426513764389838,0.0001306334720558614,-0.0015628705854213599,-0.0003803503543168988,-0.0006148879126085431,-0.0003772530299693567,0.003014569514709678,0.0029702012327175215,0.002556497755588965,0.0017458015811454399,0.005236186890686984,0.001641032967048938,-0.0008293109411053685,0.001753671153420561,0.0015283238198609864,0.002422356867357471,-0.0054942253312524085,0.0016553064573266454,0.0005636843999686182,-0.00016339072362870765,0.0024662134479650085,0.003816839362284439,-0.00027461866232963625
1,ASX,0.00205412295662518,0.002125404888342408,-0.0004290548327404272,-0.00016688252129431303,0.0014018990551044714,0.006481763337527971,0.00453793393353837,0.0001655572037571768,-0.0007734595521213788,-0.00019081946121187856,-0.0004767458170045776,-0.00026278851955414327,0.0029101019945132695,0.002735197024316703,0.0026721505868887913,0.001554157823232608,0.004751356642578581,0.0015369267649318395,-0.0006859798372771342,0.0010523498050611074,0.0014087173229659722,0.0021906693589143476,-0.003968042531479512,0.001393363188864115,0.0008516028532097146,0.00031359529407451415,0.0022274083399545868,0.0035363745375936663,-0.00014558421217857498
1,BNDGLB,-0.000464137188006319,-0.0004290548327404272,0.00020659117154281703,0.00015984538905602886,-0.0005082005602195037,-0.002611854883732587,-0.002314464772774352,-1.421650747948226e-05,0.00048058816041152304,0.0001953120557302385,0.000236461362281611,0.00016238908679916888,-0.0005438218550219268,-0.0005483362883095755,-0.00048297386608229875,-0.0005517741434473757,-0.0009206746475379958,-0.0006305778356627709,0.00042849078841050687,-0.00043199402391380187,-0.00028995595715931437,-0.0004942535866647967,0.002187970916286421,-0.0005021918759074996,1.2547553921479398e-05,0.00014081170834108212,-0.0006101007524928959,-0.0010968232929803579,0.00012320995941697443
1,CY00,-0.00028950653848819786,-0.00016688252129431303,0.00015984538905602886,0.0001793832507158,-0.0003822106371155888,-0.0023382122532440647,-0.002954945120451226,2.238171641861507e-05,0.0004722156022153529,0.00023410448561899413,0.00021868832987473417,0.00016341298471425113,-0.00021184750304084602,-0.0003065302028206697,-4.0624885774216564e-05,-0.00037894064148103233,-0.0004387996184601676,-0.0004055254316117541,0.0003675605725714699,-0.0006496406902858458,-0.00017122601997013898,-0.00023849713452790791,0.00210406319705659,-0.00039390699650349806,0.00025426611641504883,0.0003983569911749074,-0.0003327304236360027,-0.000767951872864329,0.0001410882116996021
1,DWCF,0.0016386641100785981,0.0014018990551044714,-0.0005082005602195037,-0.0003822106371155888,0.00153550334705281,0.00617860242992869,0.008521163296226776,8.121246259870761e-05,-0.0013647885011453136,-0.0004666646957546141,-0.0006521393113216713,-0.0004273674653074221,0.0018009836084601132,0.0018346535523721891,0.0016966934229056213,0.0016356011049062857,0.0030713402896259375,0.0017624509126540745,-0.001050924392594589,0.0015345426711706892,0.0008690546926419755,0.0017809959555478384,-0.00622825871355915,0.0015285152541478822,0.00023254665913060064,-0.0002209238191080513,0.0019570164743044865,0.003217348506366497,-0.00032183374903795687
1,GECU10YR,0.0068188485936308075,0.006481763337527971,-0.002611854883732587,-0.0023382122532440647,0.00617860242992869,0.04807390611218293,0.03245673269037452,-9.232115641334457e-05,-0.004956619331663166,-0.0030777803823507296,-0.0031509858022340407,-0.0022121186321134357,0.008599167950294032,0.009632768788102887,0.004838461852344372,0.006345556973560151,0.014539531572907308,0.0060501511277098,-0.005034913499662442,0.009889362757567086,0.005687856375347215,0.005326224283548731,-0.02662389976766225,0.006422978713013287,-0.002524576304269816,-0.005684759142173663,0.00654918495563932,0.01581606458598085,-0.001748249599556335
1,GUKG10,0.008426513764389838,0.00453793393353837,-0.002314464772774352,-0.002954945120451226,0.008521163296226776,0.03245673269037452,0.08807463069713754,1.473653485785425e-06,-0.00799257132161454,-0.0038290197121806,-0.004409093834383056,-0.00306375723392484,0.006076937487528733,0.008077058485708756,0.0022382668147356414,0.007972601571790602,0.01265469693487184,0.007787507404758616,-0.00580279510021417,0.018038665069831195,0.003035011238203011,0.009119990259820888,-0.04714501794773231,0.008886638494123163,-0.0016087605970188427,-0.004979882461213706,0.008799686072681376,0.01534305346117638,-0.002578240137535347
1,HFRXAR,0.0001306334720558614,0.0001655572037571768,-1.421650747948226e-05,2.238171641861507e-05,8.121246259870761e-05,-9.232115641334457e-05,1.473653485785425e-06,2.9450239417763007e-05,2.1130141146864337e-05,3.8179494500636736e-05,-9.024461970603636e-06,4.729715154538238e-06,0.00021577878661370806,0.00015379267471859662,0.0002735163434083146,0.00010059972891148113,0.0003386656204474086,0.00012697414001372866,-1.2355871661990404e-05,-7.675443729945448e-05,5.603599341788553e-05,0.00022067959587886233,-0.00012599591029036137,7.187546259307887e-05,0.00020934776542882685,0.00022201115717533445,0.00020191549403051216,0.0001717967849514343,1.557196061612244e-05
1,IADMGOLD,-0.0015628705854213599,-0.0007734595521213788,0.00048058816041152304,0.0004722156022153529,-0.0013647885011453136,-0.004956619331663166,-0.00799257132161454,2.1130141146864337e-05,0.003073057306945491,0.0006696035399072461,0.0005854036103394309,0.0004572623033335353,-0.0012936283533204578,-0.0013730333887986227,-0.001287193902927935,-0.0014129806785867821,-0.0028330452605575336,-0.001414286275160948,0.0010111243107797663,-0.0009245460649765633,-0.0008810807354917495,-0.001393137352384071,0.0053435211627291595,-0.001374475663048708,0.0005275816004784821,0.0010765002411272423,-0.0019324736637608027,-0.0025527484714222047,0.00045164526580425033
1,IBOXIG,-0.0003803503543168988,-0.00019081946121187856,0.0001953120557302385,0.00023410448561899413,-0.0004666646957546141,-0.0030777803823507296,-0.0038290197121806,3.8179494500636736e-05,0.0006696035399072461,0.0003142669488386453,0.0002722677090479473,0.00020853613092172447,-0.0002588258902217102,-0.0004015304483909557,-4.290191213424234e-06,-0.000450120649029359,-0.000574745339075786,-0.0004491903413735177,0.00044509499347960446,-0.0008733897951735401,-0.00024518353624465914,-0.0002657177929572024,0.0025696996691677554,-0.0004888136992582279,0.00040295413031210764,0.0006192519676192568,-0.0003967381701669294,-0.0009551447431805639,0.00018766933476672802
1,IDCOTCTR,-0.0006148879126085431,-0.0004767458170045776,0.000236461362281611,0.00021868832987473417,-0.0006521393113216713,-0.0031509858022340407,-0.004409093834383056,-9.024461970603636e-06,0.0005854036103394309,0.0002722677090479473,0.00032631526005022244,0.00022357474913735866,-0.0006570949775674617,-0.0007212116219678134,-0.0004311398723105677,-0.0006775528635680545,-0.0011772326910574726,-0.0007397695595699155,0.0005271416358926663,-0.000916515856147473,-0.000342714661009928,-0.0006534851550196867,0.0032076361102072693,-0.0006572903996649877,5.747182122136971e-05,0.0002602785876216216,-0.0007174613982014752,-0.0013407241704792442,0.00017344190248420082
1,LBUSTRUU,-0.0003772530299693567,-0.00026278851955414327,0.00016238908679916888,0.00016341298471425113,-0.0004273674653074221,-0.0022121186321134357,-0.00306375723392484,4.729715154538238e-06,0.0004572623033335353,0.00020853613092172447,0.00022357474913735866,0.00015933728227452259,-0.0003567592851376517,-0.00041751524256316,-0.0001985874007088609,-0.0004347587880733117,-0.0006759695122026649,-0.00047122131130637,0.00036625502351712137,-0.0006340642525510265,-0.0002098694633647393,-0.0003794475456802386,0.0021908259060233293,-0.00043428572183464953,0.0001222489496879617,0.00026369646286199494,-0.00044770470703043636,-0.0008603831444819234,0.0001305029440873194
1,MXASJ,0.003014569514709678,0.0029101019945132695,-0.0005438218550219268,-0.00021184750304084602,0.0018009836084601132,0.008599167950294032,0.006076937487528733,0.00021577878661370806,-0.0012936283533204578,-0.0002588258902217102,-0.0006570949775674617,-0.0003567592851376517,0.004714160888623783,0.00437659740489936,0.003625325934077327,0.002036939993315808,0.008069175828465705,0.0019549099516032965,-0.0008869658064797941,0.0016334902946693757,0.002307782876497757,0.003215020819125762,-0.0056000794336407015,0.001791429374066404,0.0013212476956903788,0.0005231219247229033,0.0030676401339430315,0.004702240164909271,-0.0001848291157786542
1,MXEF,0.0029702012327175215,0.002735197024316703,-0.0005483362883095755,-0.0003065302028206697,0.0018346535523721891,0.009632768788102887,0.008077058485708756,0.00015379267471859662,-0.0013730333887986227,-0.0004015304483909557,-0.0007212116219678134,-0.00041751524256316,0.00437659740489936,0.004295402274708847,0.003192955794230629,0.0020230268446477366,0.007454220828507985,0.0018312683026122597,-0.000940641253140271,0.002311336023264768,0.0022648823889950456,0.0028763834923464077,-0.006061628541480639,0.0018587041216346068,0.0007756348698170013,-0.0001852899493760967,0.0027419017411704086,0.004803617104164667,-0.0002608639528345645
1,MXEU,0.002556497755588965,0.0026721505868887913,-0.00048297386608229875,-4.0624885774216564e-05,0.0016966934229056213,0.004838461852344372,0.0022382668147356414,0.0002735163434083146,-0.001287193902927935,-4.290191213424234e-06,-0.0004311398723105677,-0.0001985874007088609,0.003625325934077327,0.003192955794230629,0.00411947597225619,0.002008016904217739,0.005793544455045988,0.002121831029180099,-0.0007164824533073947,-7.668017229423429e-05,0.0016054030391455603,0.002867520938685846,-0.003277232504267026,0.0016204211600761068,0.0015463220199155824,0.0010826603060897098,0.003017444686631369,0.004107936060696909,-7.277750112492598e-05
1,MXUSMC,0.0017458015811454399,0.001554157823232608,-0.0005517741434473757,-0.00037894064148103233,0.0016356011049062857,0.006345556973560151,0.007972601571790602,0.00010059972891148113,-0.0014129806785867821,-0.000450120649029359,-0.0006775528635680545,-0.0004347587880733117,0.002036939993315808,0.0020230268446477366,0.002008016904217739,0.0017915630484859053,0.003386386718927903,0.0019760707619835313,-0.0011361097732569432,0.0013674445018034616,0.0009536866866394266,0.0019111013484150506,-0.0063788369035471856,0.001609681079267149,0.0003656816173602726,-7.28740598862416e-05,0.0021007580544784477,0.0034713720823692546,-0.0003139617310654241
1,NDEUCHF,0.005236186890686984,0.004751356642578581,-0.0009206746475379958,-0.0004387996184601676,0.0030713402896259375,0.014539531572907308,0.01265469693487184,0.0003386656204474086,-0.0028330452605575336,-0.000574745339075786,-0.0011772326910574726,-0.0006759695122026649,0.008069175828465705,0.007454220828507985,0.005793544455045988,0.003386386718927903,0.014326105763590688,0.0031901196824967604,-0.0015385041570396228,0.0031146744037947884,0.0040011196007427065,0.005690229228762535,-0.010515061161049387,0.0030806069997247392,0.002140770083298911,0.0007312633878395086,0.005447557267534514,0.007778050141663629,-0.0004021564053639851
1,RTY,0.001641032967048938,0.0015369267649318395,-0.0006305778356627709,-0.0004055254316117541,0.0017624509126540745,0.0060501511277098,0.007787507404758616,0.00012697414001372866,-0.001414286275160948,-0.0004491903413735177,-0.0007397695595699155,-0.00047122131130637,0.0019549099516032965,0.0018312683026122597,0.002121831029180099,0.0019760707619835313,0.0031901196824967604,0.0023613752085974026,-0.0013460140087072669,0.0010492438147092257,0.0007934255161349168,0.0020365107418622414,-0.007230967351426735,0.0016989034256381676,0.0005978481831823055,0.00033124383846293005,0.0022721722098099444,0.0035512386868229062,-0.0003218306106025964
1,SPBDU1ST,-0.0008293109411053685,-0.0006859798372771342,0.00042849078841050687,0.0003675605725714699,-0.001050924392594589,-0.005034913499662442,-0.00580279510021417,-1.2355871661990404e-05,0.0010111243107797663,0.00044509499347960446,0.0005271416358926663,0.00036625502351712137,-0.0008869658064797941,-0.000940641253140271,-0.0007164824533073947,-0.0011361097732569432,-0.0015385041570396228,-0.0013460140087072669,0.0009573346687583608,-0.0010622593557756434,-0.0004529620503109985,-0.0009234093726111443,0.005117185929896695,-0.001035626050828017,0.0001069581061930678,0.00032941738831245487,-0.0011309780457483506,-0.002116165223563136,0.00028092693469243833
1,SPGSCI,0.001753671153420561,0.0010523498050611074,-0.00043199402391380187,-0.0006496406902858458,0.0015345426711706892,0.009889362757567086,0.018038665069831195,-7.675443729945448e-05,-0.0009245460649765633,-0.0008733897951735401,-0.000916515856147473,-0.0006340642525510265,0.0016334902946693757,0.002311336023264768,-7.668017229423429e-05,0.0013674445018034616,0.0031146744037947884,0.0010492438147092257,-0.0010622593557756434,0.0048483161407092655,0.0010578087316521062,0.0014054233941660707,-0.0091923906150371,0.0016773311792558096,-0.0008772512521451377,-0.0018822889244330468,0.0011327063009517538,0.00338097610123664,-0.0005242617446686639
1,SPGTIND,0.0015283238198609864,0.0014087173229659722,-0.00028995595715931437,-0.00017122601997013898,0.0008690546926419755,0.005687856375347215,0.003035011238203011,5.603599341788553e-05,-0.0008810807354917495,-0.00024518353624465914,-0.000342714661009928,-0.0002098694633647393,0.002307782876497757,0.0022648823889950456,0.0016054030391455603,0.0009536866866394266,0.0040011196007427065,0.0007934255161349168,-0.0004529620503109985,0.0010578087316521062,0.0013002715085341857,0.0013547275247858656,-0.002569987184421586,0.0008929990495673496,0.00021210247985419607,-0.00033889605623550116,0.0013754551115388383,0.0024575676140939024,-0.00014550747388307516
1,SPLPEQTY,0.002422356867357471,0.0021906693589143476,-0.0004942535866647967,-0.00023849713452790791,0.0017809959555478384,0.005326224283548731,0.009119990259820888,0.00022067959587886233,-0.001393137352384071,-0.0002657177929572024,-0.0006534851550196867,-0.0003794475456802386,0.003215020819125762,0.0028763834923464077,0.002867520938685846,0.0019111013484150506,0.005690229228762535,0.0020365107418622414,-0.0009234093726111443,0.0014054233941660707,0.0013547275247858656,0.0030639937480657067,-0.006640984831927576,0.001755383800486274,0.0013574942989352517,0.0008938533250493976,0.003017079134083856,0.0037663679771807275,-0.0002343002594761263
1,SPVXSTR,-0.0054942253312524085,-0.003968042531479512,0.002187970916286421,0.00210406319705659,-0.00622825871355915,-0.02662389976766225,-0.04714501794773231,-0.00012599591029036137,0.0053435211627291595,0.0025696996691677554,0.0032076361102072693,0.0021908259060233293,-0.0056000794336407015,-0.006061628541480639,-0.003277232504267026,-0.0063788369035471856,-0.010515061161049387,-0.007230967351426735,0.005117185929896695,-0.0091923906150371,-0.002569987184421586,-0.006640984831927576,0.03327203312707876,-0.006257162048205538,-4.5562356614342204e-05,0.0015220441516091642,-0.0069671756090379485,-0.011894422915406662,0.001678297387840358
1,SPX,0.0016553064573266454,0.001393363188864115,-0.0005021918759074996,-0.00039390699650349806,0.0015285152541478822,0.006422978713013287,0.008886638494123163,7.187546259307887e-05,-0.001374475663048708,-0.0004888136992582279,-0.0006572903996649877,-0.00043428572183464953,0.001791429374066404,0.0018587041216346068,0.0016204211600761068,0.001609681079267149,0.0030806069997247392,0.0016989034256381676,-0.001035626050828017,0.0016773311792558096,0.0008929990495673496,0.001755383800486274,-0.006257162048205538,0.001531743089329321,0.00015413871747285086,-0.0003392047058985312,0.0019258863289851064,0.0032261697751530924,-0.0003328713253579704
1,SREITGL,0.0005636843999686182,0.0008516028532097146,1.2547553921479398e-05,0.00025426611641504883,0.00023254665913060064,-0.002524576304269816,-0.0016087605970188427,0.00020934776542882685,0.0005275816004784821,0.00040295413031210764,5.747182122136971e-05,0.0001222489496879617,0.0013212476956903788,0.0007756348698170013,0.0015463220199155824,0.0003656816173602726,0.002140770083298911,0.0005978481831823055,0.0001069581061930678,-0.0008772512521451377,0.00021210247985419607,0.0013574942989352517,-4.5562356614342204e-05,0.00015413871747285086,0.0016906480992846438,0.001962671074448264,0.00108392121603643,0.0004128694985412394,0.00019698593787192926
1,STCGUSRE,-0.00016339072362870765,0.00031359529407451415,0.00014081170834108212,0.0003983569911749074,-0.0002209238191080513,-0.005684759142173663,-0.004979882461213706,0.00022201115717533445,0.0010765002411272423,0.0006192519676192568,0.0002602785876216216,0.00026369646286199494,0.0005231219247229033,-0.0001852899493760967,0.0010826603060897098,-7.28740598862416e-05,0.0007312633878395086,0.00033124383846293005,0.00032941738831245487,-0.0018822889244330468,-0.00033889605623550116,0.0008938533250493976,0.0015220441516091642,-0.0003392047058985312,0.001962671074448264,0.002619691714044418,0.0005915550391517405,-0.0007944091523844778,0.0003264208070750282
1,TPX,0.0024662134479650085,0.0022274083399545868,-0.0006101007524928959,-0.0003327304236360027,0.0019570164743044865,0.00654918495563932,0.008799686072681376,0.00020191549403051216,-0.0019324736637608027,-0.0003967381701669294,-0.0007174613982014752,-0.00044770470703043636,0.0030676401339430315,0.0027419017411704086,0.003017444686631369,0.0021007580544784477,0.005447557267534514,0.0022721722098099444,-0.0011309780457483506,0.0011327063009517538,0.0013754551115388383,0.003017079134083856,-0.0069671756090379485,0.0019258863289851064,0.00108392121603643,0.0005915550391517405,0.0032389211254381747,0.0041102348168170775,-0.00031488375242251
1,TRVCI,0.003816839362284439,0.0035363745375936663,-0.0010968232929803579,-0.000767951872864329,0.003217348506366497,0.01581606458598085,0.01534305346117638,0.0001717967849514343,-0.0025527484714222047,-0.0009551447431805639,-0.0013407241704792442,-0.0008603831444819234,0.004702240164909271,0.004803617104164667,0.004107936060696909,0.0034713720823692546,0.007778050141663629,0.0035512386868229062,-0.002116165223563136,0.00338097610123664,0.0024575676140939024,0.0037663679771807275,-0.011894422915406662,0.0032261697751530924,0.0004128694985412394,-0.0007944091523844778,0.0041102348168170775,0.00747027746943749,-0.0006260101903174467
1,U0A0,-0.00027461866232963625,-0.00014558421217857498,0.00012320995941697443,0.0001410882116996021,-0.00032183374903795687,-0.001748249599556335,-0.002578240137535347,1.557196061612244e-05,0.00045164526580425033,0.00018766933476672802,0.00017344190248420082,0.0001305029440873194,-0.0001848291157786542,-0.0002608639528345645,-7.277750112492598e-05,-0.0003139617310654241,-0.0004021564053639851,-0.0003218306106025964,0.00028092693469243833,-0.0005242617446686639,-0.00014550747388307516,-0.0002343002594761263,0.001678297387840358,-0.0003328713253579704,0.00019698593787192926,0.0003264208070750282,-0.00031488375242251,-0.0006260101903174467,0.000116733380997728
2,AD09X,0.002140783807205851,0.0012026765392266037,6.339180398634301e-05,0.0002543148811839216,0.0018203346326835105,0.0013107066441775909,0.004292619047399809,6.730914241984872e-05,-0.00017012003840727126,0.00035799988256399347,-0.00014360523282740738,3.1193115559471874e-06,0.002274395628915321,0.002273432899726437,0.001865974158437359,0.0019121392643558267,0.002886026016648955,0.001972200573688785,0.00012903272806954574,0.0009406834191869672,0.001545000176628576,0.0022227762785392764,-0.008573426854943448,0.001784890320561345,0.0015626853828267534,0.0015631229295385643,0.0020928041812253205,0.0024593270162441704,-1.3230214765000824e-05
2,ASX,0.0012026765392266037,0.0010028292496299343,5.8890270251459266e-05,0.0001844088968298762,0.001059651063242727,-0.0012804415171092777,0.000588148498240207,5.426312390786409e-05,-0.00013032358914049833,0.00025438962019572897,-2.4147121748710456e-05,5.230415829781546e-05,0.0011892467666138932,0.0010982514513729173,0.0013787832304960495,0.0010679628679198209,0.0014145089735534454,0.000997702452280779,0.00014051030910507007,0.00016687887573674015,0.0009365675805409646,0.0012152577219496955,-0.005607762639243565,0.0010654240938320113,0.0009930361069674957,0.001023619561263274,0.0011751782655167464,0.0014685011109814212,2.2700689331548863e-05
2,BNDGLB,6.339180398634301e-05,5.8890270251459266e-05,8.873344750670142e-05,8.135004810680543e-05,1.3367709191332847e-05,-0.0007822459589427785,-0.0008408532670416947,1.0504302940640353e-05,0.00029418890393646666,0.00010010946257032882,6.676095481315567e-05,6.557741600274667e-05,0.00015143083862577403,0.00018870570821882398,-3.789322804093826e-05,3.436892208536155e-05,0.00014069678157233557,-5.4936007496406006e-05,9.538998721149634e-05,0.00011972267146774816,0.00022692130804472847,7.92002440249621e-05,-0.00020451610059360895,1.824892418558557e-05,0.00014931822457401323,0.00012719823929354898,-0.000173910111328827,-0.0001234784342495841,2.0088520165883587e-05
2,CY00,0.0002543148811839216,0.0001844088968298762,8.135004810680543e-05,0.00011287975580114063,0.00019537681688864438,-0.0008245509434786923,-0.0006476771209566334,1.5312096322943577e-05,0.0001585654900033388,0.00014574163004416057,4.9870875415610806e-05,6.767132019274222e-05,0.000355892545777565,0.00039328234939583085,0.0001970851400141215,0.0002245762235855794,0.0004108877899001889,0.00017164385776789114,0.00010991873533976135,0.0002530778567041,0.00036407061128152646,0.00031606390279095213,-0.0011827317419396627,0.00019372580788368398,0.0002807580476027464,0.0002724488988521658,9.325991408750786e-05,0.0001432929634858728,1.872341493674938e-05
2,DWCF,0.0018203346326835105,0.001059651063242727,1.3367709191332847e-05,0.00019537681688864438,0.0016750486066561448,0.0006965845437276586,0.0032477567202294057,5.903674455244728e-05,-0.0003810412731006287,0.0002863605278658211,-0.00014791689288772442,-1.845183070434804e-05,0.001994535434591037,0.0019448516530938616,0.0016872660273173322,0.0017567607647837413,0.0025026730103418007,0.001845273052524965,7.313998618478895e-05,0.0007170269320044857,0.0012744918333362468,0.0019908206062688553,-0.007976072537825942,0.0016426380067260833,0.001380645519874775,0.0014368384940616446,0.0019620439997742505,0.002588502420153526,-3.280194876479427e-05
2,GECU10YR,0.0013107066441775909,-0.0012804415171092777,-0.0007822459589427785,-0.0008245509434786923,0.0006965845437276586,0.02620259784728653,0.029084231191648734,-0.0003141327723004602,-0.001895118438492336,-0.000894927164849404,-0.0011962782815464195,-0.000989279077804652,0.0006467234069592418,0.0009640983611433238,-0.0007203061827388242,0.0010423871525252811,0.001936851106130026,0.002195373378981567,-0.001236279365497992,0.0015475990145241338,-0.001408492739076891,0.0007754455867327557,0.004086344538495115,0.0004401284624263931,-0.0005794179886199524,-0.0007299191031759088,0.001912542502451728,8.717050328381029e-05,-0.00032950366154235245
2,GUKG10,0.004292619047399809,0.000588148498240207,-0.0008408532670416947,-0.0006476771209566334,0.0032477567202294057,0.029084231191648734,0.03968359530524171,-0.00014280138816565187,-0.0012146717321426719,-0.0005747106903311102,-0.001569301983884451,-0.0011416427873792573,0.0038492042336385037,0.004103189275540459,0.002092091152448102,0.003656805421633311,0.006053347584848292,0.004658960180419,-0.001288264482536159,0.003432193374381484,0.0004473106717289904,0.0033861808598025,-0.004916732002350419,0.0030032202729595313,0.0013854106774389059,0.00107589767897519,0.00494359580588113,0.0033321436204425004,-0.00040854368140833626
2,HFRXAR,6.730914241984872e-05,5.426312390786409e-05,1.0504302940640353e-05,1.5312096322943577e-05,5.903674455244728e-05,-0.0003141327723004602,-0.00014280138816565187,2.446678575291474e-05,2.1333637839935505e-05,1.5786377155301243e-05,1.1796732841223829e-05,1.2692991925220025e-05,8.373092664899747e-05,5.166792314870423e-05,8.376961131460997e-05,4.125001912292683e-05,0.00011711534295633613,1.0063966174971251e-05,7.068385237580855e-07,3.5884630389524792e-06,7.268990268882971e-05,4.435899935634934e-05,-0.00039943482842756456,6.77995312507533e-05,7.156537922070803e-05,7.865265887590324e-05,8.883814379431695e-05,0.00016567652583686756,6.639825652356112e-06
2,IADMGOLD,-0.00017012003840727126,-0.00013032358914049833,0.00029418890393646666,0.0001585654900033388,-0.0003810412731006287,-0.001895118438492336,-0.0012146717321426719,2.1333637839935505e-05,0.002498735848459963,0.00017084053667076882,0.00019813223044739235,0.00015818589696148865,0.0003043190447630025,0.0005865013179903714,-0.0007172145012841869,-0.00026512419516892805,0.00028831692075902994,-0.0005998258605058695,0.00030140465612673917,0.001342207779236786,0.00046080958486541745,-0.00029191339477440873,0.0038358315710349724,-0.0003670071391750002,-0.0001548932289953973,-0.0005063924991488336,-0.0012996202755228535,-0.0018392089705385308,2.3040500721026433e-05
2,IBOXIG,0.00035799988256399347,0.00025438962019572897,0.00010010946257032882,0.00014574163004416057,0.0002863605278658211,-0.000894927164849404,-0.0005747106903311102,1.5786377155301243e-05,0.00017084053667076882,0.00019670236171666762,4.985328355960729e-05,7.923720882553591e-05,0.0005080761509052932,0.0005581800268292948,0.0002769971517212504,0.00033636940023417294,0.0005978134983194063,0.00027838627382819177,0.0001335388112437315,0.00035061914399404996,0.00046830587434098863,0.0004440627223718885,-0.0015960037163778758,0.0002803470886544482,0.000396923359143805,0.0003878966602100807,0.00012644060996063155,0.00021776891994342392,1.9092339084627594e-05
2,IDCOTCTR,-0.00014360523282740738,-2.4147121748710456e-05,6.676095481315567e-05,4.9870875415610806e-05,-0.00014791689288772442,-0.0011962782815464195,-0.001569301983884451,1.1796732841223829e-05,0.00019813223044739235,4.985328355960729e-05,8.606337164055704e-05,6.681383098156097e-05,-0.00011883355105906493,-0.00010603551476255911,-0.00013046416502152623,-0.00016503633507150111,-0.0002157888003817626,-0.0002565164014370848,8.165109156391253e-05,-0.00011668080752457843,6.477832861270059e-05,-0.00013627368800166344,0.00034612391903655036,-0.00013241612870530206,-1.2188200567685896e-05,-1.3661741277505802e-05,-0.0002562168571520472,-0.00021883796781874633,2.6641607298826263e-05
2,LBUSTRUU,3.1193115559471874e-06,5.230415829781546e-05,6.557741600274667e-05,6.767132019274222e-05,-1.845183070434804e-05,-0.000989279077804652,-0.0011416427873792573,1.2692991925220025e-05,0.00015818589696148865,7.923720882553591e-05,6.681383098156097e-05,6.201334186000282e-05,5.174807651855062e-05,6.891403178038229e-05,-3.6142937231441413e-06,-1.9657035939453506e-05,1.5401940565637864e-05,-9.142617727565596e-05,8.377012683142781e-05,1.1747389618118162e-05,0.00016028024121276775,2.785949543408144e-05,-0.00021556573253447627,-9.594347293193122e-06,9.084454699925069e-05,8.955621505491181e-05,-0.00011106886977078263,-6.923024732576534e-05,2.2436710626716624e-05
2,MXASJ,0.002274395628915321,0.0011892467666138932,0.00015143083862577403,0.000355892545777565,0.001994535434591037,0.0006467234069592418,0.0038492042336385037,8.373092664899747e-05,0.0003043190447630025,0.0005080761509052932,-0.00011883355105906493,5.174807651855062e-05,0.003309011776346856,0.0033219734576043743,0.0016387096148915365,0.002096821225017014,0.0041459885456566915,0.002167165098936726,0.00019539292349794838,0.0019143868383287139,0.001865494818980103,0.002319573685939849,-0.009495238778414683,0.001964166256609253,0.0018929436874797203,0.0018386206065034287,0.0019115174625015151,0.002625509438292163,-8.796450296045099e-06
2,MXEF,0.002273432899726437,0.0010982514513729173,0.00018870570821882398,0.00039328234939583085,0.0019448516530938616,0.0009640983611433238,0.004103189275540459,5.166792314870423e-05,0.0005865013179903714,0.0005581800268292948,-0.00010603551476255911,6.891403178038229e-05,0.0033219734576043743,0.003496001785711731,0.001523971564083071,0.0021034975776805646,0.004103876613909905,0.002196218883938538,0.0002779079252421188,0.0022599839423409875,0.0019655174565666976,0.002388746071324382,-0.00887086323612278,0.0018969134716192518,0.0018336203041384735,0.0017079340184098812,0.0017348245576578173,0.002181933309803345,-1.9745194655842865e-05
2,MXEU,0.001865974158437359,0.0013787832304960495,-3.789322804093826e-05,0.0001970851400141215,0.0016872660273173322,-0.0007203061827388242,0.002092091152448102,8.376961131460997e-05,-0.0007172145012841869,0.0002769971517212504,-0.00013046416502152623,-3.6142937231441413e-06,0.0016387096148915365,0.001523971564083071,0.002331534383807353,0.0016894886642565298,0.002076863177275377,0.001831863586106343,0.00011007554953677739,0.00033648289735114216,0.0011953009246080419,0.00197396494879978,-0.008931042973779295,0.0016679674802594793,0.0012634717153331082,0.001306768405487881,0.0022110754288392023,0.002430127890043196,-6.453605616078457e-06
2,MXUSMC,0.0019121392643558267,0.0010679628679198209,3.436892208536155e-05,0.0002245762235855794,0.0017567607647837413,0.0010423871525252811,0.003656805421633311,4.125001912292683e-05,-0.00026512419516892805,0.00033636940023417294,-0.00016503633507150111,-1.9657035939453506e-05,0.002096821225017014,0.0021034975776805646,0.0016894886642565298,0.001921464813860832,0.0026797929883999165,0.002043514812313331,9.379226698000452e-05,0.0009955522130580471,0.0013547447451108044,0.00219417866515958,-0.00790416017783174,0.0016977632112062067,0.0014266091335326588,0.0014592691569173459,0.0019083080587074775,0.0024946241667462847,-5.014128035285906e-05
2,NDEUCHF,0.002886026016648955,0.0014145089735534454,0.00014069678157233557,0.0004108877899001889,0.0025026730103418007,0.001936851106130026,0.006053347584848292,0.00011711534295633613,0.00028831692075902994,0.0005978134983194063,-0.0002157888003817626,1.5401940565637864e-05,0.0041459885456566915,0.004103876613909905,0.002076863177275377,0.0026797929883999165,0.005494177852869116,0.0029049876801374606,0.00014099352105016692,0.0027107015153525764,0.0021656711337129054,0.002977322755959066,-0.011348440597197786,0.002432205194431234,0.002218607572794483,0.002133402529067188,0.002475188923154534,0.003149757218040799,-2.4649503474892735e-05
2,RTY,0.001972200573688785,0.000997702452280779,-5.4936007496406006e-05,0.00017164385776789114,0.001845273052524965,0.002195373378981567,0.004658960180419,1.0063966174971251e-05,-0.0005998258605058695,0.00027838627382819177,-0.0002565164014370848,-9.142617727565596e-05,0.002167165098936726,0.002196218883938538,0.001831863586106343,0.002043514812313331,0.0029049876801374606,0.0024244247033817674,2.8129231008193915e-05,0.0012908471267468837,0.0011761828644170742,0.002341986540437589,-0.00827577979316226,0.001745776363349826,0.0012673101551524393,0.00127106992546267,0.002102274719932403,0.0024511506026911357,-8.43355791895575e-05
2,SPBDU1ST,0.00012903272806954574,0.00014051030910507007,9.538998721149634e-05,0.00010991873533976135,7.313998618478895e-05,-0.001236279365497992,-0.001288264482536159,7.068385237580855e-07,0.00030140465612673917,0.0001335388112437315,8.165109156391253e-05,8.377012683142781e-05,0.00019539292349794838,0.0002779079252421188,0.00011007554953677739,9.379226698000452e-05,0.00014099352105016692,2.8129231008193915e-05,0.00015873676894656707,0.00012091913930737996,0.00031312825364520106,0.00019763909714100143,-0.0005757384654036992,7.563835558012732e-05,0.00017276557914522634,0.000139595406288686,-8.245435994656116e-05,-0.00011708005405057743,2.4041343704936175e-05
2,SPGSCI,0.0009406834191869672,0.00016687887573674015,0.00011972267146774816,0.0002530778567041,0.0007170269320044857,0.0015475990145241338,0.003432193374381484,3.5884630389524792e-06,0.001342207779236786,0.00035061914399404996,-0.00011668080752457843,1.1747389618118162e-05,0.0019143868383287139,0.0022599839423409875,0.00033648289735114216,0.0009955522130580471,0.0027107015153525764,0.0012908471267468837,0.00012091913930737996,0.0043333908178434626,0.0010889027922689537,0.0010473795295833865,-0.0026753013919156247,0.0006110974019103209,0.0003077301638606313,-9.052588770340231e-05,0.00028769033312013153,-0.0009435584372340508,-8.219555738852442e-05
2,SPGTIND,0.001545000176628576,0.0009365675805409646,0.00022692130804472847,0.00036407061128152646,0.0012744918333362468,-0.001408492739076891,0.0004473106717289904,7.268990268882971e-05,0.00046080958486541745,0.00046830587434098863,6.477832861270059e-05,0.00016028024121276775,0.001865494818980103,0.0019655174565666976,0.0011953009246080419,0.0013547447451108044,0.0021656711337129054,0.0011761828644170742,0.00031312825364520106,0.0010889027922689537,0.0016326566735876675,0.001669005791706281,-0.006695684588412917,0.0012726905428805044,0.0013686080891916995,0.001345187607314986,0.0012122415046002405,0.0015595739544854814,3.3499289605971236e-05
2,SPLPEQTY,0.0022227762785392764,0.0012152577219496955,7.92002440249621e-05,0.00031606390279095213,0.0019908206062688553,0.0007754455867327557,0.0033861808598025,4.435899935634934e-05,-0.00029191339477440873,0.0004440627223718885,-0.00013627368800166344,2.785949543408144e-05,0.002319573685939849,0.002388746071324382,0.00197396494879978,0.00219417866515958,0.002977322755959066,0.002341986540437589,0.00019763909714100143,0.0010473795295833865,0.001669005791706281,0.0026654919629051843,-0.009008743561507862,0.0019148858783135905,0.0016203179559430088,0.0016676083319128758,0.002244300961055225,0.0027789715584178834,-3.6423388708365375e-05
2,SPVXSTR,-0.008573426854943448,-0.005607762639243565,-0.00020451610059360895,-0.0011827317419396627,-0.007976072537825942,0.004086344538495115,-0.004916732002350419,-0.00039943482842756456,0.0038358315710349724,-0.0015960037163778758,0.00034612391903655036,-0.00021556573253447627,-0.009495238778414683,-0.00887086323612278,-0.008931042973779295,-0.00790416017783174,-0.011348440597197786,-0.00827577979316226,-0.0005757384654036992,-0.0026753013919156247,-0.006695684588412917,-0.009008743561507862,0.048360731402567254,-0.007943582032986656,-0.007225107897703699,-0.007719399601296771,-0.009580432671922209,-0.013034521508568316,-1.9166678206415482e-05
2,SPX,0.001784890320561345,0.0010654240938320113,1.824892418558557e-05,0.00019372580788368398,0.0016426380067260833,0.0004401284624263931,0.0030032202729595313,6.77995312507533e-05,-0.0003670071391750002,0.0002803470886544482,-0.00013241612870530206,-9.594347293193122e-06,0.001964166256609253,0.0018969134716192518,0.0016679674802594793,0.0016977632112062067,0.002432205194431234,0.001745776363349826,7.563835558012732e-05,0.0006110974019103209,0.0012726905428805044,0.0019148858783135905,-0.007943582032986656,0.001622629874479585,0.0013881663877069322,0.0014535797311411684,0.001948128552365713,0.0026221268129727835,-2.46313867870661e-05
2,SREITGL,0.0015626853828267534,0.0009930361069674957,0.00014931822457401323,0.0002807580476027464,0.001380645519874775,-0.0005794179886199524,0.0013854106774389059,7.156537922070803e-05,-0.0001548932289953973,0.000396923359143805,-1.2188200567685896e-05,9.084454699925069e-05,0.0018929436874797203,0.0018336203041384735,0.0012634717153331082,0.0014266091335326588,0.002218607572794483,0.0012673101551524393,0.00017276557914522634,0.0003077301638606313,0.0013686080891916995,0.0016203179559430088,-0.007225107897703699,0.0013881663877069322,0.0015475031518732058,0.0016428256324047927,0.0013373892817103656,0.002254015020812084,2.4592307790603308e-05
2,STCGUSRE,0.0015631229295385643,0.001023619561263274,0.00012719823929354898,0.0002724488988521658,0.0014368384940616446,-0.0007299191031759088,0.00107589767897519,7.865265887590324e-05,-0.0005063924991488336,0.0003878966602100807,-1.3661741277505802e-05,8.955621505491181e-05,0.0018386206065034287,0.0017079340184098812,0.001306768405487881,0.0014592691569173459,0.002133402529067188,0.00127106992546267,0.000139595406288686,-9.052588770340231e-05,0.001345187607314986,0.0016676083319128758,-0.007719399601296771,0.0014535797311411684,0.0016428256324047927,0.0018366123331303376,0.0015447958904601898,0.00275221773099311,3.155790128751336e-05
2,TPX,0.0020928041812253205,0.0011751782655167464,-0.000173910111328827,9.325991408750786e-05,0.0019620439997742505,0.001912542502451728,0.00494359580588113,8.883814379431695e-05,-0.0012996202755228535,0.00012644060996063155,-0.0002562168571520472,-0.00011106886977078263,0.0019115174625015151,0.0017348245576578173,0.0022110754288392023,0.0019083080587074775,0.002475188923154534,0.002102274719932403,-8.245435994656116e-05,0.00028769033312013153,0.0012122415046002405,0.002244300961055225,-0.009580432671922209,0.001948128552365713,0.0013373892817103656,0.0015447958904601898,0.0032513300462165716,0.003787416156198613,-3.306837759231076e-05
2,TRVCI,0.0024593270162441704,0.0014685011109814212,-0.0001234784342495841,0.0001432929634858728,0.002588502420153526,8.717050328381029e-05,0.0033321436204425004,0.00016567652583686756,-0.0018392089705385308,0.00021776891994342392,-0.00021883796781874633,-6.923024732576534e-05,0.002625509438292163,0.002181933309803345,0.002430127890043196,0.0024946241667462847,0.003149757218040799,0.0024511506026911357,-0.00011708005405057743,-0.0009435584372340508,0.0015595739544854814,0.0027789715584178834,-0.013034521508568316,0.0026221268129727835,0.002254015020812084,0.00275221773099311,0.003787416156198613,0.006316707091510535,-3.354247710104809e-05
2,U0A0,-1.3230214765000824e-05,2.2700689331548863e-05,2.0088520165883587e-05,1.872341493674938e-05,-3.280194876479427e-05,-0.00032950366154235245,-0.00040854368140833626,6.639825652356112e-06,2.3040500721026433e-05,1.9092339084627594e-05,2.6641607298826263e-05,2.2436710626716624e-05,-8.796450296045099e-06,-1.9745194655842865e-05,-6.453605616078457e-06,-5.014128035285906e-05,-2.4649503474892735e-05,-8.43355791895575e-05,2.4041343704936175e-05,-8.219555738852442e-05,3.3499289605971236e-05,-3.6423388708365375e-05,-1.9166678206415482e-05,-2.46313867870661e-05,2.4592307790603308e-05,3.155790128751336e-05,-3.306837759231076e-05,-3.354247710104809e-05,1.5591583301554343e-05
3,AD09X,0.0004993287727988605,0.00035288470024528583,-1.5326499437184374e-05,-7.664555963406909e-06,0.0003713578024666351,0.0012428312353729065,0.0011765303480166607,6.736077341225361e-05,0.0004309080933274676,3.2341185133893385e-05,-7.703938918894867e-05,-2.3997062163065586e-05,0.0006006445058383369,0.0006708178013365116,0.00031892808293518314,0.0003609289878075343,0.0006219598758732281,0.00037712570097705095,-7.434449190032106e-05,0.0004921718130591043,0.0005214869266889366,0.00053444667228155,-0.002314113160815454,0.0003680237421519052,0.00038806574621605097,0.00034691211637723175,0.000247326296825661,0.0004639886558902704,4.465158514747066e-05
3,ASX,0.00035288470024528583,0.000482062029844375,-0.00011269997159157324,-6.970410480099336e-05,0.00032850954414116176,0.0018585673943127578,0.0018413048436418768,6.943462488135182e-05,-2.3971466353970474e-05,-6.236673368121221e-05,-0.0001298995373244364,-7.653815926717046e-05,0.00023264409436608583,0.0003478430237599899,0.00044404853149183,0.0002459465712228968,0.00041406826251243786,0.0004254010390192707,-0.00018635403722943122,-0.00011345580579166307,0.00038084757077233735,0.0004098389414260146,-0.001458323361536747,0.00032785554200525036,0.0002540077562217476,0.0001966358152012362,0.0002927100059226143,0.00028791174589984505,-3.9268873074620735e-05
3,BNDGLB,-1.5326499437184374e-05,-0.00011269997159157324,0.00011758081730129138,9.180627821780803e-05,-5.208305752227991e-05,-0.0015046575465463585,-0.00169590852583551,-4.217242832585527e-05,0.000302911803133394,0.00010750813215681414,9.524253516549374e-05,8.098335157002302e-05,9.32626217332027e-05,5.481628924389216e-05,-0.000173844727535158,-2.0624610181663386e-05,6.966794091736584e-05,-5.112660367436918e-05,0.00014424537562465512,0.0003549819376284903,5.2938969444547215e-05,5.524234708068425e-06,0.0002853868081309626,-5.832185577844617e-05,8.182430192585549e-05,0.0001240506417134572,-0.00019132590117344444,6.029920015013545e-05,5.681084870475048e-05
3,CY00,-7.664555963406909e-06,-6.970410480099336e-05,9.180627821780803e-05,8.541063637266317e-05,-1.8765231355895315e-05,-0.00113417166315078,-0.0012781005778330903,-2.511485091753777e-05,0.000246689463700449,9.718047186126903e-05,7.479117039937325e-05,6.845054247354658e-05,8.686505702389584e-06,-1.5462391270860528e-05,-0.00011674976036611716,2.793399438274365e-05,-5.811319157071456e-05,1.9296472491995016e-05,0.00011034545301836524,0.00022932857752806625,5.488956669889686e-05,8.188694587471648e-05,8.09004099592499e-05,-3.025555626250764e-05,0.0001403990331184695,0.00019134091420605666,-0.00010533422839314544,6.08463577619998e-05,4.3407255765075385e-05
3,DWCF,0.0003713578024666351,0.00032850954414116176,-5.208305752227991e-05,-1.8765231355895315e-05,0.000540666351674511,0.0018848616271044622,0.001618107069824777,3.322751909953148e-05,0.0002643635495213866,-1.0436309988509654e-05,-8.562993787907557e-05,-3.192178305522284e-05,0.00021457907525611347,0.00027713666007404115,0.0003904848146737555,0.0005338251288656715,0.00023537325271403667,0.000588482798250758,-0.00011990110363363828,-9.218798792246758e-05,0.0004411688799117242,0.00047491729811016215,-0.0022930884185914267,0.0005452777278591218,0.0007246961940741722,0.0008651152104410471,0.00011454389553700724,0.0005370153759343013,-7.437637038739297e-06
3,GECU10YR,0.0012428312353729065,0.0018585673943127578,-0.0015046575465463585,-0.00113417166315078,0.0018848616271044622,0.02430678394523474,0.026091193540238512,0.0005060830260085802,-0.002587104386226507,-0.0012534978304765754,-0.0013735000918090492,-0.0010460247174958741,-0.0003466729781610797,0.00021541700202433906,0.0027644993768644334,0.001690122111619048,9.458644521665588e-07,0.0019365767977520432,-0.0020416460723291247,-0.0038386537039613072,0.0003663480159971335,0.0012931929448327805,-0.010691833110866364,0.001963419090057486,0.0006709775136733697,0.00033328137654419827,0.0029567109095918437,0.0001655127564309344,-0.0005949682329714459
3,GUKG10,0.0011765303480166607,0.0018413048436418768,-0.00169590852583551,-0.0012781005778330903,0.001618107069824777,0.026091193540238512,0.031110534953424095,0.0006837693227631509,-0.003449953955524332,-0.0014675320614034517,-0.0015371104420014588,-0.0011874759892427876,-0.0008018908747691206,6.656823611504935e-05,0.003011762993972422,0.0015699633921602632,-0.0009724911453640512,0.001868770596815942,-0.0022007940199499443,-0.003881147187893198,0.00028437848056121355,0.0014652293303676976,-0.010348914173212495,0.0016468844752756144,0.00024293044143489372,-0.00026793382561979875,0.003169167491434863,-6.743133779915459e-06,-0.0007452825634014122
3,HFRXAR,6.736077341225361e-05,6.943462488135182e-05,-4.217242832585527e-05,-2.511485091753777e-05,3.322751909953148e-05,0.0005060830260085802,0.0006837693227631509,6.505456440770288e-05,-5.379742125147224e-05,-2.4055621140887527e-05,-4.082520442316791e-05,-3.090817156934211e-05,7.28050882946194e-05,8.917172300083104e-05,9.725170395436491e-05,4.94876990243511e-05,-7.299449617507336e-05,3.318272858892727e-05,-4.2350661548993374e-05,1.7203190745669135e-05,4.03984425900747e-05,0.00010293610988432533,-0.00044048345125396874,2.6074500097708966e-05,-1.584508265240843e-05,-3.4693746490369974e-05,0.0001544750669867416,9.670773828860794e-05,-1.0396002535412672e-05
3,IADMGOLD,0.0004309080933274676,-2.3971466353970474e-05,0.000302911803133394,0.000246689463700449,0.0002643635495213866,-0.002587104386226507,-0.003449953955524332,-5.379742125147224e-05,0.0016181311289062297,0.00034001902196724145,0.0001810138712105114,0.00020366959142236095,0.0008627533524696035,0.0007674677672697042,-0.00017449219913355914,0.00034586127419319006,0.0009376209740285567,0.0002462558504474908,0.0003141882705703353,0.0013492074161713789,0.0005931425651494669,0.0006154002744864763,-0.0023047489353124986,0.00023577929521073366,0.0010017201710211668,0.0012445153879884808,-0.00015572308966242083,0.000770927241388998,0.00021158893184817837
3,IBOXIG,3.2341185133893385e-05,-6.236673368121221e-05,0.00010750813215681414,9.718047186126903e-05,-1.0436309988509654e-05,-0.0012534978304765754,-0.0014675320614034517,-2.4055621140887527e-05,0.00034001902196724145,0.00011806108211969433,8.147504539469138e-05,7.751036431234765e-05,8.338811786492861e-05,5.281726843435867e-05,-0.00012691797845796552,4.3013405890845954e-05,-1.100945147663941e-07,1.8141548910015814e-05,0.00012569628014319882,0.00033884165676771426,9.817253236002197e-05,0.0001277510596569259,-0.00010560107740881724,-2.3631904114124128e-05,0.00017398066783241126,0.00021568766717374878,-8.542349352457178e-05,8.328238663121383e-05,6.080270028823815e-05
3,IDCOTCTR,-7.703938918894867e-05,-0.0001298995373244364,9.524253516549374e-05,7.479117039937325e-05,-8.562993787907557e-05,-0.0013735000918090492,-0.0015371104420014588,-4.082520442316791e-05,0.0001810138712105114,8.147504539469138e-05,8.649870610171557e-05,6.775006879516308e-05,-4.071259617882041e-06,-4.486043387668612e-05,-0.00017455604514084812,-6.316550591327736e-05,-2.082928457681829e-05,-8.513734087873634e-05,0.00012408492700035996,0.00020386525599767118,-2.7721064662188165e-05,-6.778485952223431e-05,0.0005406791168525163,-8.942365408867493e-05,1.0145921013893666e-05,5.284535510717872e-05,-0.0001865431424780862,-3.0730508692879046e-06,3.807598325727239e-05
3,LBUSTRUU,-2.3997062163065586e-05,-7.653815926717046e-05,8.098335157002302e-05,6.845054247354658e-05,-3.192178305522284e-05,-0.0010460247174958741,-0.0011874759892427876,-3.090817156934211e-05,0.00020366959142236095,7.751036431234765e-05,6.775006879516308e-05,5.8710543277893625e-05,1.4666864639713771e-05,-1.076475846905451e-05,-0.0001174734900665739,-4.500971018618858e-06,-7.630142560326999e-06,-1.5186144492217548e-05,9.883398390011175e-05,0.00019561597875663602,2.9619856389003276e-05,1.9155010960271718e-05,0.00020418362316229272,-3.8291329131419354e-05,9.243096604923438e-05,0.000134730718324938,-0.00012731069362027585,3.5501632324127525e-05,3.6363688974288046e-05
3,MXASJ,0.0006006445058383369,0.00023264409436608583,9.32626217332027e-05,8.686505702389584e-06,0.00021457907525611347,-0.0003466729781610797,-0.0008018908747691206,7.28050882946194e-05,0.0008627533524696035,8.338811786492861e-05,-4.071259617882041e-06,1.4666864639713771e-05,0.0016746846944754186,0.001603556988631747,7.629338843463633e-05,8.219153692188412e-05,0.002210485375426028,2.578795865224255e-05,4.131079888730435e-05,0.0014589545663708698,0.0005911726287614507,0.00023765008163074364,-0.0015374905992183953,0.0002300103994448504,-0.00019558019130559752,-0.00033599115710814263,7.211866106377642e-05,0.0007523637417009194,0.00012330739519745247
3,MXEF,0.0006708178013365116,0.0003478430237599899,5.481628924389216e-05,-1.5462391270860528e-05,0.00027713666007404115,0.00021541700202433906,6.656823611504935e-05,8.917172300083104e-05,0.0007674677672697042,5.281726843435867e-05,-4.486043387668612e-05,-1.076475846905451e-05,0.001603556988631747,0.0016037987961294866,0.00020483287579819024,0.00014293934912703836,0.0021083132046664467,0.00014330318686233087,-7.245129374072275e-06,0.0014091702473276225,0.0006795902563320295,0.0003496902158547593,-0.0018216404342470739,0.0002884252046100478,-0.00013136438555149999,-0.0002925419525682494,0.00011516044752798424,0.0007822508955199147,9.864668797103275e-05
3,MXEU,0.00031892808293518314,0.00044404853149183,-0.000173844727535158,-0.00011674976036611716,0.0003904848146737555,0.0027644993768644334,0.003011762993972422,9.725170395436491e-05,-0.00017449219913355914,-0.00012691797845796552,-0.00017455604514084812,-0.0001174734900665739,7.629338843463633e-05,0.00020483287579819024,0.000525417635683737,0.0003275137180291791,0.00013213488011567257,0.0004563728178731963,-0.0002491659177737018,-0.00040618571342398643,0.0003004637317234612,0.0003905773997157917,-0.0018296834953406154,0.00039456110116209994,0.00034687740417340264,0.00035113739030336505,0.0003375682275808956,0.00031338771737250904,-7.532265076145389e-05
3,MXUSMC,0.0003609289878075343,0.0002459465712228968,-2.0624610181663386e-05,2.793399438274365e-05,0.0005338251288656715,0.001690122111619048,0.0015699633921602632,4.94876990243511e-05,0.00034586127419319006,4.3013405890845954e-05,-6.316550591327736e-05,-4.500971018618858e-06,8.219153692188412e-05,0.00014293934912703836,0.0003275137180291791,0.0006401646206105119,-0.0002274519648510136,0.0006223998327097428,-6.834048328467073e-05,3.0749633299041775e-05,0.00045649016721068534,0.0006296570485857702,-0.002671602593718436,0.0005182315051972112,0.0008871649274170755,0.001052404269661394,0.000179170200864977,0.0005257329335047771,1.8777296877707083e-05
3,NDEUCHF,0.0006219598758732281,0.00041406826251243786,6.966794091736584e-05,-5.811319157071456e-05,0.00023537325271403667,9.458644521665588e-07,-0.0009724911453640512,-7.299449617507336e-05,0.0009376209740285567,-1.100945147663941e-07,-2.082928457681829e-05,-7.630142560326999e-06,0.002210485375426028,0.0021083132046664467,0.00013213488011567257,-0.0002274519648510136,0.004440726049981515,7.568844737688539e-05,-0.00012491026722119628,0.0011037420203817234,0.0005904914185260511,-5.8021956354442686e-05,-0.0002666226304592733,0.0002989325012069027,-0.0005321024938579454,-0.0007261755713611494,-9.986523794496929e-05,0.0006745384070619867,6.862154481331403e-05
3,RTY,0.00037712570097705095,0.0004254010390192707,-5.112660367436918e-05,1.9296472491995016e-05,0.000588482798250758,0.0019365767977520432,0.001868770596815942,3.318272858892727e-05,0.0002462558504474908,1.8141548910015814e-05,-8.513734087873634e-05,-1.5186144492217548e-05,2.578795865224255e-05,0.00014330318686233087,0.0004563728178731963,0.0006223998327097428,7.568844737688539e-05,0.0008134991049458997,-0.00013151367059822217,-0.0001697611470545452,0.0005191958878981211,0.0006870152747423165,-0.0023109443858578393,0.0005701600414117617,0.0008933101206930983,0.001070552949636489,0.00016526073452470766,0.0005836830303258281,-2.769494347545307e-05
3,SPBDU1ST,-7.434449190032106e-05,-0.00018635403722943122,0.00014424537562465512,0.00011034545301836524,-0.00011990110363363828,-0.0020416460723291247,-0.0022007940199499443,-4.2350661548993374e-05,0.0003141882705703353,0.00012569628014319882,0.00012408492700035996,9.883398390011175e-05,4.131079888730435e-05,-7.245129374072275e-06,-0.0002491659177737018,-6.834048328467073e-05,-0.00012491026722119628,-0.00013151367059822217,0.0002060840631811874,0.0004756192068129796,-4.803109243612579e-06,-7.507876243520305e-05,0.0005901696493147082,-0.00012953861729269196,2.4532197765440873e-05,9.064877479231176e-05,-0.0002749813790587287,7.974828064545392e-05,6.464150028459464e-05
3,SPGSCI,0.0004921718130591043,-0.00011345580579166307,0.0003549819376284903,0.00022932857752806625,-9.218798792246758e-05,-0.0038386537039613072,-0.003881147187893198,1.7203190745669135e-05,0.0013492074161713789,0.00033884165676771426,0.00020386525599767118,0.00019561597875663602,0.0014589545663708698,0.0014091702473276225,-0.00040618571342398643,3.0749633299041775e-05,0.0011037420203817234,-0.0001697611470545452,0.0004756192068129796,0.0027943408105392848,0.0006334469983296156,0.0002916493342385168,-0.0007511745225037205,-0.00013227664753352993,-0.00016089902209926927,-0.0002549972545845814,-0.00033662626111611004,0.0008186907894916116,0.0002506792789614223
3,SPGTIND,0.0005214869266889366,0.00038084757077233735,5.2938969444547215e-05,5.488956669889686e-05,0.0004411688799117242,0.0003663480159971335,0.00028437848056121355,4.03984425900747e-05,0.0005931425651494669,9.817253236002197e-05,-2.7721064662188165e-05,2.9619856389003276e-05,0.0005911726287614507,0.0006795902563320295,0.0003004637317234612,0.00045649016721068534,0.0005904914185260511,0.0005191958878981211,-4.803109243612579e-06,0.0006334469983296156,0.0007196632638304258,0.0006785001652208925,-0.002236270703730971,0.00042417745722482536,0.0007071839633917665,0.0007160616044094185,8.176205439758134e-05,0.0005770091859220487,6.638824422243965e-05
3,SPLPEQTY,0.00053444667228155,0.0004098389414260146,5.524234708068425e-06,8.188694587471648e-05,0.00047491729811016215,0.0012931929448327805,0.0014652293303676976,0.00010293610988432533,0.0006154002744864763,0.0001277510596569259,-6.778485952223431e-05,1.9155010960271718e-05,0.00023765008163074364,0.0003496902158547593,0.0003905773997157917,0.0006296570485857702,-5.8021956354442686e-05,0.0006870152747423165,-7.507876243520305e-05,0.0002916493342385168,0.0006785001652208925,0.0010871054512643378,-0.0033911623235777914,0.00042332705850976337,0.0010395723687164839,0.0010868460418909172,0.0005173385953113785,0.00046549438564385295,6.134769943810973e-05
3,SPVXSTR,-0.002314113160815454,-0.001458323361536747,0.0002853868081309626,8.09004099592499e-05,-0.0022930884185914267,-0.010691833110866364,-0.010348914173212495,-0.00044048345125396874,-0.0023047489353124986,-0.00010560107740881724,0.0005406791168525163,0.00020418362316229272,-0.0015374905992183953,-0.0018216404342470739,-0.0018296834953406154,-0.002671602593718436,-0.0002666226304592733,-0.0023109443858578393,0.0005901696493147082,-0.0007511745225037205,-0.002236270703730971,-0.0033911623235777914,0.016313084062525865,-0.0022279588492190405,-0.0038417639482580183,-0.0041813789031879605,-0.0021238482559794137,-0.002218979391723809,-0.00018824321530462826
3,SPX,0.0003680237421519052,0.00032785554200525036,-5.832185577844617e-05,-3.025555626250764e-05,0.0005452777278591218,0.001963419090057486,0.0016468844752756144,2.6074500097708966e-05,0.00023577929521073366,-2.3631904114124128e-05,-8.942365408867493e-05,-3.8291329131419354e-05,0.0002300103994448504,0.0002884252046100478,0.00039456110116209994,0.0005182315051972112,0.0002989325012069027,0.0005701600414117617,-0.00012953861729269196,-0.00013227664753352993,0.00042417745722482536,0.00042332705850976337,-0.0022279588492190405,0.0005568387723044208,0.0006834801328426389,0.0008184783764775896,9.053198869692917e-05,0.0005222263221628398,-1.144808700040513e-05
3,SREITGL,0.00038806574621605097,0.0002540077562217476,8.182430192585549e-05,0.0001403990331184695,0.0007246961940741722,0.0006709775136733697,0.00024293044143489372,-1.584508265240843e-05,0.0010017201710211668,0.00017398066783241126,1.0145921013893666e-05,9.243096604923438e-05,-0.00019558019130559752,-0.00013136438555149999,0.00034687740417340264,0.0008871649274170755,-0.0005321024938579454,0.0008933101206930983,2.4532197765440873e-05,-0.00016089902209926927,0.0007071839633917665,0.0010395723687164839,-0.0038417639482580183,0.0006834801328426389,0.0020576411001040815,0.002496281326810461,7.3724784379716e-05,0.0007115433424329274,6.845820031951094e-05
3,STCGUSRE,0.00034691211637723175,0.0001966358152012362,0.0001240506417134572,0.00019134091420605666,0.0008651152104410471,0.00033328137654419827,-0.00026793382561979875,-3.4693746490369974e-05,0.0012445153879884808,0.00021568766717374878,5.284535510717872e-05,0.000134730718324938,-0.00033599115710814263,-0.0002925419525682494,0.00035113739030336505,0.001052404269661394,-0.0007261755713611494,0.001070552949636489,9.064877479231176e-05,-0.0002549972545845814,0.0007160616044094185,0.0010868460418909172,-0.0041813789031879605,0.0008184783764775896,0.002496281326810461,0.003178186247777674,-9.756282129407227e-05,0.0010328092285278154,6.552428637314242e-05
3,TPX,0.000247326296825661,0.0002927100059226143,-0.00019132590117344444,-0.00010533422839314544,0.00011454389553700724,0.0029567109095918437,0.003169167491434863,0.0001544750669867416,-0.00015572308966242083,-8.542349352457178e-05,-0.0001865431424780862,-0.00012731069362027585,7.211866106377642e-05,0.00011516044752798424,0.0003375682275808956,0.000179170200864977,-9.986523794496929e-05,0.00016526073452470766,-0.0002749813790587287,-0.00033662626111611004,8.176205439758134e-05,0.0005173385953113785,-0.0021238482559794137,9.053198869692917e-05,7.3724784379716e-05,-9.756282129407227e-05,0.0008745071947034104,-0.00013469292917486805,-2.4302953278809516e-05
3,TRVCI,0.0004639886558902704,0.00028791174589984505,6.029920015013545e-05,6.08463577619998e-05,0.0005370153759343013,0.0001655127564309344,-6.743133779915459e-06,9.670773828860794e-05,0.000770927241388998,8.328238663121383e-05,-3.0730508692879046e-06,3.5501632324127525e-05,0.0007523637417009194,0.0007822508955199147,0.00031338771737250904,0.0005257329335047771,0.0006745384070619867,0.0005836830303258281,7.974828064545392e-05,0.0008186907894916116,0.0005770091859220487,0.00046549438564385295,-0.002218979391723809,0.0005222263221628398,0.0007115433424329274,0.0010328092285278154,-0.00013469292917486805,0.0012814767424886551,3.241648596543966e-05
3,U0A0,4.465158514747066e-05,-3.9268873074620735e-05,5.681084870475048e-05,4.3407255765075385e-05,-7.437637038739297e-06,-0.0005949682329714459,-0.0007452825634014122,-1.0396002535412672e-05,0.00021158893184817837,6.080270028823815e-05,3.807598325727239e-05,3.6363688974288046e-05,0.00012330739519745247,9.864668797103275e-05,-7.532265076145389e-05,1.8777296877707083e-05,6.862154481331403e-05,-2.769494347545307e-05,6.464150028459464e-05,0.0002506792789614223,6.638824422243965e-05,6.134769943810973e-05,-0.00018824321530462826,-1.144808700040513e-05,6.845820031951094e-05,6.552428637314242e-05,-2.4302953278809516e-05,3.241648596543966e-05,4.2796654618815116e-05
4,AD09X,0.00900198378756883,0.005436247666941517,0.0012155238993757534,0.002397438524153944,0.0065140687099408704,0.002804018434204806,-0.005204243179052707,0.00081425368907735,0.0020909719568969675,0.002557958676356067,0.00029624064839687804,0.0009781849773147961,0.010557942158061981,0.011258434180223587,0.005307590538839129,0.008392496367641321,0.010141541674505634,0.007979828352865027,0.0023267574447559352,0.005939224284006424,0.0075231692604726345,0.012981493688039376,-0.019380051417499527,0.006206548934242227,0.010994652179626663,0.012350962973641272,0.007453459205381494,0.004668330690300753,0.0007070020034067631
4,ASX,0.005436247666941517,0.004378130243801331,0.0006944784652388112,0.0016451126556437038,0.004796571242037715,0.0019292452975020347,-0.002400001721306182,0.0006475817647229325,-0.00033989943464107997,0.0020340248174139843,9.118355412563681e-05,0.0005911965827486647,0.006499940054234067,0.006954295476308261,0.004182533099971631,0.005961235624273865,0.006816679329398818,0.005315277199192358,0.0012440562118953542,0.0030492964504034784,0.004677216828992185,0.007448838149059037,-0.01239581693818447,0.00466813062346361,0.006256048998605358,0.007373873879563536,0.004262851131091869,0.003586947138003862,0.0007759436427813511
4,BNDGLB,0.0012155238993757534,0.0006944784652388112,0.0005862454590763773,0.000682078949351554,0.0005304703586543573,-0.00397824126370765,-0.007310002423536739,6.649427106900526e-05,0.0012146073137547268,0.0008615573926853932,0.0005258367671466336,0.0004588629542293863,0.0013758429630906916,0.0012833987805469797,0.00021456785386296412,0.0007088127769295208,0.0015782158441447777,0.0006086681254513934,0.0007805965935700058,-0.0004285823010814462,0.0010795086582775543,0.00041668010075231215,-0.0017167546212608913,0.0005378822865805591,0.0011779387641508113,0.0009997767923444825,0.0008352729754166018,0.00018755555885310103,8.611037548382859e-05
4,CY00,0.002397438524153944,0.0016451126556437038,0.000682078949351554,0.0011598931705923464,0.0014984079734141423,-0.0023131831916134737,-0.005907295024169841,0.000296549545998765,0.0015836328608998538,0.0014197763410825203,0.00040075519055949216,0.0005628095943101406,0.002882477081475509,0.002970502403359757,0.0011323443310930269,0.002105647825150022,0.003193480744021563,0.001706650171312209,0.0010671223860887456,0.0008659247223729331,0.0020089983259423787,0.0016873266113100575,-0.005815364656733012,0.0014348970116962515,0.0024184373250092173,0.0023868580835826065,0.0019793580195029306,0.0011712339732949972,0.00040373503310113296
4,DWCF,0.0065140687099408704,0.004796571242037715,0.0005304703586543573,0.0014984079734141423,0.00616228911744942,0.00493984181788085,-0.0008138114718809496,0.0006874421976352103,-0.0011765721656306685,0.0017073405416831375,-0.0001395710548207747,0.00046556147362966286,0.007608115361930226,0.008234724883448254,0.005054236312401029,0.007387607388171495,0.007155872594269645,0.007222607295051374,0.0014287017949135314,0.004251429486016674,0.005660012484175962,0.011128726209145784,-0.014755962862986286,0.0059769100934462605,0.008361270806478046,0.01014005153964842,0.005014272822842492,0.004644052556416771,0.0008899422606089373
4,GECU10YR,0.002804018434204806,0.0019292452975020347,-0.00397824126370765,-0.0023131831916134737,0.00493984181788085,0.07000590754283412,0.09383570237332103,0.0008191253790127447,-0.006348056173056872,-0.0031858775517974915,-0.005792126693204688,-0.003247952022363558,0.0025225283378950674,0.0057217401995254226,0.006189872507544995,0.007720184782908708,-0.002598066744443493,0.006096706062970766,-0.0032602140395942792,0.01942023530809681,0.0026073027713553435,0.013270476096013683,-0.0174417113886641,0.004089057532083173,0.0062348049110269015,0.011138965337334846,0.0032740650810189212,0.005739910192451732,0.0012742472256608711
4,GUKG10,-0.005204243179052707,-0.002400001721306182,-0.007310002423536739,-0.005907295024169841,-0.0008138114718809496,0.09383570237332103,0.15202513529904596,0.00016667729381097027,-0.009497375140791181,-0.007678026851847622,-0.009317945813703328,-0.005907328664373965,-0.005837714044318686,-0.002870794977695012,0.005431471368793118,0.0014855716852998377,-0.011029683095256081,-0.0009710973633562202,-0.009127437143609292,0.020201034962185845,-0.005241877535526484,0.005692069133026974,-0.004491511101270396,-0.0017414353511664758,-0.0030146312885067396,0.001832496785497308,-0.0012370112169512938,0.00245582404474239,0.000963635066883107
4,HFRXAR,0.00081425368907735,0.0006475817647229325,6.649427106900526e-05,0.000296549545998765,0.0006874421976352103,0.0008191253790127447,0.00016667729381097027,0.00019860834809014806,0.00021784539655029123,0.0003229285189486643,-2.8267532611942406e-05,7.755834759950417e-05,0.0009507348692019778,0.0011596327632503545,0.0005632675748142417,0.0009717706117534036,0.0011058615173376342,0.0007680694832886715,0.00026089122314616964,0.0010871055517241892,0.0006782029600421575,0.0009193252186540351,-0.002773445939557578,0.0006412428337939206,0.000753063818108111,0.0007678400518094497,0.0008433822832686433,0.0007085312851718626,0.00011907039117492215
4,IADMGOLD,0.0020909719568969675,-0.00033989943464107997,0.0012146073137547268,0.0015836328608998538,-0.0011765721656306685,-0.006348056173056872,-0.009497375140791181,0.00021784539655029123,0.007878383430743199,0.0014308154952335612,0.0009127089766032959,0.0009929886561786283,0.002710907104167082,0.0025646681343310432,-0.0010642671903475377,-0.0002267027364912398,0.003060277932524954,-0.0008208978457955739,0.0020809643864780035,0.0019520230936401544,0.001387573864095387,-0.0012068166565074008,-0.00541568470069638,-0.0013647261922444015,0.0014636465873964486,-0.0006004935111718957,0.002890278486191073,-0.0008996060182920607,-8.314585473689184e-05
4,IBOXIG,0.002557958676356067,0.0020340248174139843,0.0008615573926853932,0.0014197763410825203,0.0017073405416831375,-0.0031858775517974915,-0.007678026851847622,0.0003229285189486643,0.0014308154952335612,0.001953456793020054,0.0005308565440506813,0.0006854860307851212,0.003070629494919997,0.003125732439634479,0.0012433099054889353,0.0023354425035557354,0.0036444714106262056,0.0017941704727874725,0.0011727068472802814,4.181328311907064e-05,0.002295174248559973,0.0009531534640770054,-0.006082860954401839,0.001671090739542704,0.002344061387546972,0.002451968250283489,0.0019301285428260085,0.0013839515989787947,0.0005520494977846772
4,IDCOTCTR,0.00029624064839687804,9.118355412563681e-05,0.0005258367671466336,0.00040075519055949216,-0.0001395710548207747,-0.005792126693204688,-0.009317945813703328,-2.8267532611942406e-05,0.0009127089766032959,0.0005308565440506813,0.0006560727480360316,0.0004092701601408419,0.00021765766391779084,4.3651390329467735e-05,-0.0004677517551681691,-0.0002606674004191527,0.000550688060995413,-0.00020192558699243715,0.0006351815561029752,-0.001244112804482881,0.000343628534539665,-0.0007655547766821058,0.0008674374166104871,-7.703126997885958e-05,3.9315457389726e-05,-0.00035988046771159924,3.978607883141903e-05,-0.00042417084355915387,-0.00013424530303338987
4,LBUSTRUU,0.0009781849773147961,0.0005911965827486647,0.0004588629542293863,0.0005628095943101406,0.00046556147362966286,-0.003247952022363558,-0.005907328664373965,7.755834759950417e-05,0.0009929886561786283,0.0006854860307851212,0.0004092701601408419,0.0003768776445834122,0.0011377434580332592,0.0010566050284038905,0.00021318533011008677,0.0006339255286509781,0.0012946707036098932,0.0005371112433976366,0.0006289975970530022,-0.00029696159956840154,0.0008419938370907537,0.00036755954971179165,-0.0016860233572394117,0.0004660097675838524,0.000968066286770326,0.0008041560293094129,0.0007507904892513319,0.00024388699338970973,0.00011092735879919381
4,MXASJ,0.010557942158061981,0.006499940054234067,0.0013758429630906916,0.002882477081475509,0.007608115361930226,0.0025225283378950674,-0.005837714044318686,0.0009507348692019778,0.002710907104167082,0.003070629494919997,0.00021765766391779084,0.0011377434580332592,0.013632615389110736,0.01417255663632593,0.0064628402671809745,0.009831507567591428,0.013764953878144267,0.009007721528458277,0.0026625403009879894,0.006954698391985449,0.008674096075734954,0.015332293525874233,-0.02230434976908803,0.007248776864674312,0.01231571687748278,0.013464276893653997,0.008922510572294354,0.005272672068554935,0.0008952826621212743
4,MXEF,0.011258434180223587,0.006954295476308261,0.0012833987805469797,0.002970502403359757,0.008234724883448254,0.0057217401995254226,-0.002870794977695012,0.0011596327632503545,0.0025646681343310432,0.003125732439634479,4.3651390329467735e-05,0.0010566050284038905,0.01417255663632593,0.015249224180281247,0.0068698428815642115,0.010787413677083217,0.014258619426246478,0.009659409107544923,0.002840636781767808,0.009053515371476683,0.009287496046804566,0.016269941303276927,-0.02480024697943744,0.007816290356254052,0.012755791494300195,0.013945785186593819,0.009499089554707846,0.0060996801348943575,0.0009415347140347684
4,MXEU,0.005307590538839129,0.004182533099971631,0.00021456785386296412,0.0011323443310930269,0.005054236312401029,0.006189872507544995,0.005431471368793118,0.0005632675748142417,-0.0010642671903475377,0.0012433099054889353,-0.0004677517551681691,0.00021318533011008677,0.0064628402671809745,0.0068698428815642115,0.00485747669459344,0.006179378944638131,0.00622646039997202,0.005853586147491051,0.000686912714995985,0.003785756578615031,0.004439710241276264,0.009497069109376218,-0.012284627266717772,0.004876299327971014,0.006880437485526636,0.008425137674295308,0.0043206395838026644,0.003710791393024466,0.0007671068925383007
4,MXUSMC,0.008392496367641321,0.005961235624273865,0.0007088127769295208,0.002105647825150022,0.007387607388171495,0.007720184782908708,0.0014855716852998377,0.0009717706117534036,-0.0002267027364912398,0.0023354425035557354,-0.0002606674004191527,0.0006339255286509781,0.009831507567591428,0.010787413677083217,0.006179378944638131,0.009292301509878457,0.00919073495927078,0.008705471634339962,0.001906916181830698,0.006423111802870215,0.007143951741555697,0.013303501215427201,-0.020170514192864048,0.0070789207046915055,0.010439568475956796,0.012391548262969877,0.006767674145052711,0.0058346085132315074,0.0011849696996485452
4,NDEUCHF,0.010141541674505634,0.006816679329398818,0.0015782158441447777,0.003193480744021563,0.007155872594269645,-0.002598066744443493,-0.011029683095256081,0.0011058615173376342,0.003060277932524954,0.0036444714106262056,0.000550688060995413,0.0012946707036098932,0.013764953878144267,0.014258619426246478,0.00622646039997202,0.00919073495927078,0.01625597451071743,0.007695951889774147,0.0027094964671025576,0.006516756877317867,0.008369103322862323,0.012415440515016973,-0.021262303620014134,0.00692500200524728,0.00982012055452905,0.009764034494984312,0.009200226157308245,0.005050682219447996,0.0007287458728893563
4,RTY,0.007979828352865027,0.005315277199192358,0.0006086681254513934,0.001706650171312209,0.007222607295051374,0.006096706062970766,-0.0009710973633562202,0.0007680694832886715,-0.0008208978457955739,0.0017941704727874725,-0.00020192558699243715,0.0005371112433976366,0.009007721528458277,0.009659409107544923,0.005853586147491051,0.008705471634339962,0.007695951889774147,0.009131663530502555,0.0016745270518297808,0.004896381307296867,0.006835085941568855,0.01454503665967491,-0.01866698152304584,0.006925265627160353,0.011264395199368282,0.01380803165608744,0.006304148276017251,0.00536394701045976,0.0009109478388807166
4,SPBDU1ST,0.0023267574447559352,0.0012440562118953542,0.0007805965935700058,0.0010671223860887456,0.0014287017949135314,-0.0032602140395942792,-0.009127437143609292,0.00026089122314616964,0.0020809643864780035,0.0011727068472802814,0.0006351815561029752,0.0006289975970530022,0.0026625403009879894,0.002840636781767808,0.000686912714995985,0.001906916181830698,0.0027094964671025576,0.0016745270518297808,0.00166585603256223,0.0014707826770062491,0.0020980092403025835,0.002147251986123663,-0.004632616921404565,0.001378838507763782,0.0023719211853441887,0.0019569894452571113,0.0016201861645929706,0.0008571661258687438,0.00019900456898386387
4,SPGSCI,0.005939224284006424,0.0030492964504034784,-0.0004285823010814462,0.0008659247223729331,0.004251429486016674,0.01942023530809681,0.020201034962185845,0.0010871055517241892,0.0019520230936401544,4.181328311907064e-05,-0.001244112804482881,-0.00029696159956840154,0.006954698391985449,0.009053515371476683,0.003785756578615031,0.006423111802870215,0.006516756877317867,0.004896381307296867,0.0014707826770062491,0.014477936514081809,0.004591295803605774,0.01039376297458349,-0.01801043101847262,0.0037927738696485126,0.006183255134952398,0.005952866516190085,0.005779382068678984,0.003876409031941411,0.00022763644124089023
4,SPGTIND,0.0075231692604726345,0.004677216828992185,0.0010795086582775543,0.0020089983259423787,0.005660012484175962,0.0026073027713553435,-0.005241877535526484,0.0006782029600421575,0.001387573864095387,0.002295174248559973,0.000343628534539665,0.0008419938370907537,0.008674096075734954,0.009287496046804566,0.004439710241276264,0.007143951741555697,0.008369103322862323,0.006835085941568855,0.0020980092403025835,0.004591295803605774,0.006563981859820376,0.010695991524557568,-0.01570328642746294,0.005430738964418951,0.009183359730698793,0.010468645219724114,0.006028359836053467,0.003977761508719233,0.0005514994633031943
4,SPLPEQTY,0.012981493688039376,0.007448838149059037,0.00041668010075231215,0.0016873266113100575,0.011128726209145784,0.013270476096013683,0.005692069133026974,0.0009193252186540351,-0.0012068166565074008,0.0009531534640770054,-0.0007655547766821058,0.00036755954971179165,0.015332293525874233,0.016269941303276927,0.009497069109376218,0.013303501215427201,0.012415440515016973,0.01454503665967491,0.002147251986123663,0.01039376297458349,0.010695991524557568,0.027908361895081786,-0.026315828866074118,0.010577664670629525,0.01915461806016631,0.023058244357490893,0.010324961267165157,0.006934396831613414,0.0004463499746039418
4,SPVXSTR,-0.019380051417499527,-0.01239581693818447,-0.0017167546212608913,-0.005815364656733012,-0.014755962862986286,-0.0174417113886641,-0.004491511101270396,-0.002773445939557578,-0.00541568470069638,-0.006082860954401839,0.0008674374166104871,-0.0016860233572394117,-0.02230434976908803,-0.02480024697943744,-0.012284627266717772,-0.020170514192864048,-0.021262303620014134,-0.01866698152304584,-0.004632616921404565,-0.01801043101847262,-0.01570328642746294,-0.026315828866074118,0.05947499249368733,-0.013732688352341977,-0.024312991728237653,-0.027543217139768688,-0.018184921835292415,-0.014354792502491604,-0.003115754860106693
4,SPX,0.006206548934242227,0.00466813062346361,0.0005378822865805591,0.0014348970116962515,0.0059769100934462605,0.004089057532083173,-0.0017414353511664758,0.0006412428337939206,-0.0013647261922444015,0.001671090739542704,-7.703126997885958e-05,0.0004660097675838524,0.007248776864674312,0.007816290356254052,0.004876299327971014,0.0070789207046915055,0.00692500200524728,0.006925265627160353,0.001378838507763782,0.0037927738696485126,0.005430738964418951,0.010577664670629525,-0.013732688352341977,0.005825445453385054,0.007906766033493526,0.009606996571625243,0.0046938322033118485,0.004462429235332566,0.0008631469347343323
4,SREITGL,0.010994652179626663,0.006256048998605358,0.0011779387641508113,0.0024184373250092173,0.008361270806478046,0.0062348049110269015,-0.0030146312885067396,0.000753063818108111,0.0014636465873964486,0.002344061387546972,3.9315457389726e-05,0.000968066286770326,0.01231571687748278,0.012755791494300195,0.006880437485526636,0.010439568475956796,0.00982012055452905,0.011264395199368282,0.0023719211853441887,0.006183255134952398,0.009183359730698793,0.01915461806016631,-0.024312991728237653,0.007906766033493526,0.016294929462951472,0.01949373053070514,0.008791265601007651,0.005573648443590431,0.0008122602505144794
4,STCGUSRE,0.012350962973641272,0.007373873879563536,0.0009997767923444825,0.0023868580835826065,0.01014005153964842,0.011138965337334846,0.001832496785497308,0.0007678400518094497,-0.0006004935111718957,0.002451968250283489,-0.00035988046771159924,0.0008041560293094129,0.013464276893653997,0.013945785186593819,0.008425137674295308,0.012391548262969877,0.009764034494984312,0.01380803165608744,0.0019569894452571113,0.005952866516190085,0.010468645219724114,0.023058244357490893,-0.027543217139768688,0.009606996571625243,0.01949373053070514,0.024536728384590787,0.009468751846187546,0.006795357151819089,0.0010650382654732698
4,TPX,0.007453459205381494,0.004262851131091869,0.0008352729754166018,0.0019793580195029306,0.005014272822842492,0.0032740650810189212,-0.0012370112169512938,0.0008433822832686433,0.002890278486191073,0.0019301285428260085,3.978607883141903e-05,0.0007507904892513319,0.008922510572294354,0.009499089554707846,0.0043206395838026644,0.006767674145052711,0.009200226157308245,0.006304148276017251,0.0016201861645929706,0.005779382068678984,0.006028359836053467,0.010324961267165157,-0.018184921835292415,0.0046938322033118485,0.008791265601007651,0.009468751846187546,0.007595508749437226,0.004095724277221563,0.0005324973677283813
4,TRVCI,0.004668330690300753,0.003586947138003862,0.00018755555885310103,0.0011712339732949972,0.004644052556416771,0.005739910192451732,0.00245582404474239,0.0007085312851718626,-0.0008996060182920607,0.0013839515989787947,-0.00042417084355915387,0.00024388699338970973,0.005272672068554935,0.0060996801348943575,0.003710791393024466,0.0058346085132315074,0.005050682219447996,0.00536394701045976,0.0008571661258687438,0.003876409031941411,0.003977761508719233,0.006934396831613414,-0.014354792502491604,0.004462429235332566,0.005573648443590431,0.006795357151819089,0.004095724277221563,0.0049239956586800875,0.0011970842680891203
4,U0A0,0.0007070020034067631,0.0007759436427813511,8.611037548382859e-05,0.00040373503310113296,0.0008899422606089373,0.0012742472256608711,0.000963635066883107,0.00011907039117492215,-8.314585473689184e-05,0.0005520494977846772,-0.00013424530303338987,0.00011092735879919381,0.0008952826621212743,0.0009415347140347684,0.0007671068925383007,0.0011849696996485452,0.0007287458728893563,0.0009109478388807166,0.00019900456898386387,0.00022763644124089023,0.0005514994633031943,0.0004463499746039418,-0.003115754860106693,0.0008631469347343323,0.0008122602505144794,0.0010650382654732698,0.0005324973677283813,0.0011970842680891203,0.0006547195556817515
5,AD09X,0.002435232747723417,0.0015944981564973838,0.00010917072376044052,0.00022021652796236748,0.001670465454594439,0.0050503021870214795,0.0039214257361770855,0.0001180104491582723,0.000678352444337348,0.0002616551691899777,-0.0002100708453194472,-2.2911473145135608e-05,0.0022548475482143454,0.0024916844261575347,0.0015175836858730613,0.001838831804527746,0.00210564312835561,0.0019552057223508512,3.065659186152964e-05,0.0019325800933785524,0.0018595330390663834,0.0028051824387811896,-0.00642538528352882,0.0016154303775073016,0.0018852223467759105,0.0017236430993606661,0.0013757124576456489,0.0019270618654880483,3.950750316520007e-05
5,ASX,0.0015944981564973838,0.0013975235436949358,2.5796727859776165e-05,0.00010637690690770052,0.0012717278675580298,0.0032483035040819608,0.0023000391122082776,9.209299076800468e-05,0.0003853684186147639,0.00012862007737447876,-0.00015092003901059277,-3.389056188236436e-05,0.001409547182594348,0.0015799040738691825,0.0011969131046632828,0.0014373707900676178,0.0012060429683622756,0.0015165523066368806,-3.895404185507675e-05,0.0011225255050226683,0.0011898271303343799,0.0018947130961644257,-0.004697740913049189,0.0012278357714490707,0.001350754854414504,0.0013836269925519716,0.0008352154086891209,0.0015220852164327804,6.794106542504134e-05
5,BNDGLB,0.00010917072376044052,2.5796727859776165e-05,0.00010309473193876105,0.00010592275876877316,3.4773952246872474e-06,-0.0010829160131332904,-0.0013230205456573945,2.037706653112754e-06,0.00022293592195907428,0.000129428467664361,7.244553432856788e-05,7.392337030835866e-05,0.000140685045399041,0.00014941654661166463,2.4364373461945016e-05,-7.4270211939453535e-06,0.00014002293762568367,-4.677244384012483e-05,0.00014487017611937347,4.282222072721969e-05,0.0001336433303847978,9.392262532593185e-05,-4.052998582160904e-05,8.458971478034632e-06,0.00018671544711352327,0.00015169569890582477,-0.00016123880318607967,-4.98980112205177e-05,7.968518271291033e-05
5,CY00,0.00022021652796236748,0.00010637690690770052,0.00010592275876877316,0.00014830613294272477,7.618672491546913e-05,-0.001037652247057928,-0.0012103524921733384,1.1024181030544992e-07,0.00020507611799047034,0.0001792380420014504,6.021359941726481e-05,8.137128839569633e-05,0.00030115601137505656,0.0003031878304024364,0.0001326276241867988,7.690867481957849e-05,0.0003104225911717515,3.730311643657984e-05,0.00014925250775786727,0.00012654880740128522,0.00021617656447075592,0.00024357766770960153,-0.000328259201965008,7.807168349238346e-05,0.00028696550970043087,0.0002482646002221839,-2.7597279716008585e-05,2.5545553476455565e-05,9.572408474287444e-05
5,DWCF,0.001670465454594439,0.0012717278675580298,3.4773952246872474e-06,7.618672491546913e-05,0.001527764294015116,0.004128695641607968,0.003235238392201145,0.00012146274705812003,0.0004060280589607261,9.368794707017533e-05,-0.00019177748127623955,-6.152991654882575e-05,0.0015303023427182215,0.0017054290774251818,0.0011357523494062046,0.0016917281867030798,0.0013836824620649692,0.0019203826782816695,-7.51842828286724e-05,0.0013368312609897696,0.0013150086714396744,0.0021541018809257454,-0.005558168786422297,0.0014659937308710196,0.0014575962755504158,0.001526454340851432,0.0009998196076227849,0.0018268550885204196,2.1633260508580596e-06
5,GECU10YR,0.0050503021870214795,0.0032483035040819608,-0.0010829160131332904,-0.001037652247057928,0.004128695641607968,0.04411746509608146,0.03864445258915771,0.0002844060170499459,0.00014118053243569926,-0.0014078746458421716,-0.0016167328497853138,-0.0011424131370665884,0.003886279069020889,0.004673135299983531,0.0028195044028140105,0.004581670542892315,0.0038782527589219062,0.0053518493788567295,-0.0018300889814573305,0.006516289316228662,0.0033395326915894668,0.006341936525180643,-0.01684931280552474,0.003946208574969809,0.001926150392533906,0.0014813817496326263,0.00401434064042331,0.004423251877984401,-0.0012699062919147538
5,GUKG10,0.0039214257361770855,0.0023000391122082776,-0.0013230205456573945,-0.0012103524921733384,0.003235238392201145,0.03864445258915771,0.04708092976616723,0.0002256501231798257,-0.0016747865961280186,-0.0015337493868752708,-0.001801743216933798,-0.0013098404205871847,0.0034434266196354795,0.0038581578785876424,0.0021243713326620176,0.003778632523062005,0.0035682348315616594,0.004673243258358894,-0.002485381637824718,0.005293993951774629,0.002402909578072227,0.0048457863890297975,-0.012923794099129677,0.003016441911578959,0.0004052233789282024,3.530477454502523e-05,0.004446108596110341,0.004483542815866882,-0.0014197221886682147
5,HFRXAR,0.0001180104491582723,9.209299076800468e-05,2.037706653112754e-06,1.1024181030544992e-07,0.00012146274705812003,0.0002844060170499459,0.0002256501231798257,3.973764933239614e-05,2.6033124801356816e-05,1.6126217428287668e-06,-6.756026626310173e-06,-2.2063770786868957e-06,0.00010659794896067407,0.00011415655498471126,8.225943482908057e-05,0.00013804696105671927,8.851854851648682e-05,0.0001579553556310433,1.8137235741331176e-06,8.907946170090679e-05,9.191918749141096e-05,0.0001710150821748334,-0.0003984966174111825,0.0001142116343791571,8.688224116146902e-05,9.598727956076588e-05,5.654299428768386e-05,0.00013950878165543837,3.445791383925605e-06
5,IADMGOLD,0.000678352444337348,0.0003853684186147639,0.00022293592195907428,0.00020507611799047034,0.0004060280589607261,0.00014118053243569926,-0.0016747865961280186,2.6033124801356816e-05,0.0028815711601651926,0.00024195114579946602,0.00010175007451894885,0.0001268755534108176,0.0008387781963801567,0.0010180274765511244,0.00015902190863848888,0.0005150530864612862,0.0009346996766835196,0.0005018119277076607,0.0004398367425722677,0.0012654011205819747,0.000425774957224908,0.000766080104385307,-0.0013803539299591136,0.0003735047764920044,0.000622545293310357,0.0005372001361661521,-0.0006948856328060359,0.0005964281586581574,0.00014073244017827043
5,IBOXIG,0.0002616551691899777,0.00012862007737447876,0.000129428467664361,0.0001792380420014504,9.368794707017533e-05,-0.0014078746458421716,-0.0015337493868752708,1.6126217428287668e-06,0.00024195114579946602,0.0002284020672139504,7.650490991984403e-05,9.946002336664794e-05,0.0003678805934624003,0.00036402623667180774,0.0001628115703388528,9.683271108168234e-05,0.00037543784855233425,5.317947279101433e-05,0.00017830736724683895,0.00011527545987497385,0.00025500640367434943,0.0002789356768029355,-0.0003324746906754658,9.54741142818667e-05,0.0003472240960282347,0.0003081134193818548,-2.647487482523204e-05,4.1431242878248434e-05,0.00011420810916973601
5,IDCOTCTR,-0.0002100708453194472,-0.00015092003901059277,7.244553432856788e-05,6.021359941726481e-05,-0.00019177748127623955,-0.0016167328497853138,-0.001801743216933798,-6.756026626310173e-06,0.00010175007451894885,7.650490991984403e-05,0.00010359617057284139,7.293429541350356e-05,-0.00017266469374193513,-0.00019624906853582536,-0.00014803954786476997,-0.00021076670724991982,-0.0001620288750702791,-0.0002698614007994329,0.00013021980407109735,-0.0002540639727217794,-0.00012319933173281914,-0.00026616278588355356,0.0007855857261329317,-0.00018106821282874388,-6.522015672306849e-05,-5.955072149796521e-05,-0.00026552178201409086,-0.0002592696313726261,8.094376922420712e-05
5,LBUSTRUU,-2.2911473145135608e-05,-3.389056188236436e-05,7.392337030835866e-05,8.137128839569633e-05,-6.152991654882575e-05,-0.0011424131370665884,-0.0013098404205871847,-2.2063770786868957e-06,0.0001268755534108176,9.946002336664794e-05,7.293429541350356e-05,6.637026177896914e-05,2.3671352243566527e-05,1.439782048770737e-05,-2.0953820499006348e-05,-7.006982830824392e-05,3.0391356679765517e-05,-0.00011040551365750248,0.00012148920349735761,-8.639430497983322e-05,2.10899828135293e-05,-3.87360546938746e-05,0.00025558895393047433,-5.6001178554552316e-05,7.764860899587002e-05,7.105239363838156e-05,-0.00013961551149004633,-0.00011178645923039541,7.412745582936266e-05
5,MXASJ,0.0022548475482143454,0.001409547182594348,0.000140685045399041,0.00030115601137505656,0.0015303023427182215,0.003886279069020889,0.0034434266196354795,0.00010659794896067407,0.0008387781963801567,0.0003678805934624003,-0.00017266469374193513,2.3671352243566527e-05,0.0027890259233408743,0.0028876457850534817,0.0013531137308082722,0.0017080485041866633,0.002733820768015232,0.0018603399065995853,0.00014764869159278096,0.001821700249929553,0.0016667984611975458,0.0025476665688762223,-0.005797558036747873,0.0014678051993135448,0.00176745519565958,0.0016102061326348038,0.0010539005918294869,0.001837035581126255,7.961003412291843e-05
5,MXEF,0.0024916844261575347,0.0015799040738691825,0.00014941654661166463,0.0003031878304024364,0.0017054290774251818,0.004673135299983531,0.0038581578785876424,0.00011415655498471126,0.0010180274765511244,0.00036402623667180774,-0.00019624906853582536,1.439782048770737e-05,0.0028876457850534817,0.0031436845527192158,0.0014673392975796775,0.001909299877455954,0.002787662102988348,0.002075750501833119,0.00014980233115171742,0.0021114086656400695,0.0018779317509434253,0.0028473680034546514,-0.006271881909054685,0.0016367819302715318,0.001990215725169467,0.0018097752718493777,0.0011409047724784665,0.0019439298211357933,8.005487078637012e-05
5,MXEU,0.0015175836858730613,0.0011969131046632828,2.4364373461945016e-05,0.0001326276241867988,0.0011357523494062046,0.0028195044028140105,0.0021243713326620176,8.225943482908057e-05,0.00015902190863848888,0.0001628115703388528,-0.00014803954786476997,-2.0953820499006348e-05,0.0013531137308082722,0.0014673392975796775,0.0012526022158370095,0.0012653311161954022,0.001181135476169166,0.0013438872255050237,-4.183056668443691e-05,0.0009966305910803779,0.001138174605518966,0.00177355275155845,-0.004502303605489025,0.0010973688628505061,0.001209655076316829,0.0012183525714219877,0.0009815071446930993,0.0014041956579398777,6.003864046975818e-05
5,MXUSMC,0.001838831804527746,0.0014373707900676178,-7.4270211939453535e-06,7.690867481957849e-05,0.0016917281867030798,0.004581670542892315,0.003778632523062005,0.00013804696105671927,0.0005150530864612862,9.683271108168234e-05,-0.00021076670724991982,-7.006982830824392e-05,0.0017080485041866633,0.001909299877455954,0.0012653311161954022,0.001956009054427678,0.0015200820501519953,0.002222700764667207,-8.595403683743935e-05,0.0014824364766117888,0.0014163654654178082,0.0024216287317796034,-0.005976974520812628,0.0016014672131243722,0.001678600867810955,0.001797420859068872,0.0010941741738606384,0.002080565381734469,2.146591476077126e-05
5,NDEUCHF,0.00210564312835561,0.0012060429683622756,0.00014002293762568367,0.0003104225911717515,0.0013836824620649692,0.0038782527589219062,0.0035682348315616594,8.851854851648682e-05,0.0009346996766835196,0.00037543784855233425,-0.0001620288750702791,3.0391356679765517e-05,0.002733820768015232,0.002787662102988348,0.001181135476169166,0.0015200820501519953,0.0033613071795066877,0.0016765661729225942,0.00015448450403868227,0.0017601835595615351,0.0015011939351960869,0.002344817885732275,-0.005191015510675849,0.001328414108393327,0.0015227680063418347,0.001308612012457809,0.0009809409987148162,0.0016471518066184083,1.0161992321866354e-05
5,RTY,0.0019552057223508512,0.0015165523066368806,-4.677244384012483e-05,3.730311643657984e-05,0.0019203826782816695,0.0053518493788567295,0.004673243258358894,0.0001579553556310433,0.0005018119277076607,5.317947279101433e-05,-0.0002698614007994329,-0.00011040551365750248,0.0018603399065995853,0.002075750501833119,0.0013438872255050237,0.002222700764667207,0.0016765661729225942,0.0027476170843833106,-0.0001550126485460573,0.0015385893201155924,0.0014959768631587534,0.0027345505355758507,-0.006704197533554335,0.0017921680496369686,0.001795516684673152,0.0019574463590352883,0.0012519366125613883,0.002363831284494425,-1.8648785689063738e-05
5,SPBDU1ST,3.065659186152964e-05,-3.895404185507675e-05,0.00014487017611937347,0.00014925250775786727,-7.51842828286724e-05,-0.0018300889814573305,-0.002485381637824718,1.8137235741331176e-06,0.0004398367425722677,0.00017830736724683895,0.00013021980407109735,0.00012148920349735761,0.00014764869159278096,0.00014980233115171742,-4.183056668443691e-05,-8.595403683743935e-05,0.00015448450403868227,-0.0001550126485460573,0.0003358839265582742,-1.1208572278174136e-05,9.433020772643561e-05,-2.7175081189678523e-06,0.00014096414504172886,-6.905999675482305e-05,0.00020536066715383071,0.0001707278944409574,-0.0002977854301603628,-8.222387642727142e-05,0.00013589680369250416
5,SPGSCI,0.0019325800933785524,0.0011225255050226683,4.282222072721969e-05,0.00012654880740128522,0.0013368312609897696,0.006516289316228662,0.005293993951774629,8.907946170090679e-05,0.0012654011205819747,0.00011527545987497385,-0.0002540639727217794,-8.639430497983322e-05,0.001821700249929553,0.0021114086656400695,0.0009966305910803779,0.0014824364766117888,0.0017601835595615351,0.0015385893201155924,-1.1208572278174136e-05,0.0032846899163638957,0.0013876994121156273,0.0021026515402252552,-0.0053367930776301664,0.001289167831117653,0.0012380909133407178,0.0010567341133603024,0.000661094538634613,0.0016242575879170944,-0.00014420890898901614
5,SPGTIND,0.0018595330390663834,0.0011898271303343799,0.0001336433303847978,0.00021617656447075592,0.0013150086714396744,0.0033395326915894668,0.002402909578072227,9.191918749141096e-05,0.000425774957224908,0.00025500640367434943,-0.00012319933173281914,2.10899828135293e-05,0.0016667984611975458,0.0018779317509434253,0.001138174605518966,0.0014163654654178082,0.0015011939351960869,0.0014959768631587534,9.433020772643561e-05,0.0013876994121156273,0.0016520032588196783,0.002169327740482886,-0.00504392778241904,0.0012818385843246832,0.0016212757058492297,0.0015224132145028844,0.0009798994809467557,0.001446689982651649,8.699358938726711e-05
5,SPLPEQTY,0.0028051824387811896,0.0018947130961644257,9.392262532593185e-05,0.00024357766770960153,0.0021541018809257454,0.006341936525180643,0.0048457863890297975,0.0001710150821748334,0.000766080104385307,0.0002789356768029355,-0.00026616278588355356,-3.87360546938746e-05,0.0025476665688762223,0.0028473680034546514,0.00177355275155845,0.0024216287317796034,0.002344817885732275,0.0027345505355758507,-2.7175081189678523e-06,0.0021026515402252552,0.002169327740482886,0.0037985130702958827,-0.008115528461614632,0.002048844896142318,0.0023690218699387545,0.002257494194457426,0.001714232224543565,0.0023081498511309086,7.334957561805563e-05
5,SPVXSTR,-0.00642538528352882,-0.004697740913049189,-4.052998582160904e-05,-0.000328259201965008,-0.005558168786422297,-0.01684931280552474,-0.012923794099129677,-0.0003984966174111825,-0.0013803539299591136,-0.0003324746906754658,0.0007855857261329317,0.00025558895393047433,-0.005797558036747873,-0.006271881909054685,-0.004502303605489025,-0.005976974520812628,-0.005191015510675849,-0.006704197533554335,0.00014096414504172886,-0.0053367930776301664,-0.00504392778241904,-0.008115528461614632,0.031696298202184246,-0.005343192375842109,-0.005172264606316985,-0.005106731400677302,-0.003893574737228102,-0.006780371591026156,-2.0101928834807576e-05
5,SPX,0.0016154303775073016,0.0012278357714490707,8.458971478034632e-06,7.807168349238346e-05,0.0014659937308710196,0.003946208574969809,0.003016441911578959,0.0001142116343791571,0.0003735047764920044,9.54741142818667e-05,-0.00018106821282874388,-5.6001178554552316e-05,0.0014678051993135448,0.0016367819302715318,0.0010973688628505061,0.0016014672131243722,0.001328414108393327,0.0017921680496369686,-6.905999675482305e-05,0.001289167831117653,0.0012818385843246832,0.002048844896142318,-0.005343192375842109,0.0014163160214499177,0.0013961794859356535,0.0014534384676742613,0.0009605668984855272,0.0017376150586771312,1.8305670795830736e-06
5,SREITGL,0.0018852223467759105,0.001350754854414504,0.00018671544711352327,0.00028696550970043087,0.0014575962755504158,0.001926150392533906,0.0004052233789282024,8.688224116146902e-05,0.000622545293310357,0.0003472240960282347,-6.522015672306849e-05,7.764860899587002e-05,0.00176745519565958,0.001990215725169467,0.001209655076316829,0.001678600867810955,0.0015227680063418347,0.001795516684673152,0.00020536066715383071,0.0012380909133407178,0.0016212757058492297,0.0023690218699387545,-0.005172264606316985,0.0013961794859356535,0.0022291983090272885,0.002333600041042738,0.0008552004539657827,0.0015702811794589219,0.0001906929573191868
5,STCGUSRE,0.0017236430993606661,0.0013836269925519716,0.00015169569890582477,0.0002482646002221839,0.001526454340851432,0.0014813817496326263,3.530477454502523e-05,9.598727956076588e-05,0.0005372001361661521,0.0003081134193818548,-5.955072149796521e-05,7.105239363838156e-05,0.0016102061326348038,0.0018097752718493777,0.0012183525714219877,0.001797420859068872,0.001308612012457809,0.0019574463590352883,0.0001707278944409574,0.0010567341133603024,0.0015224132145028844,0.002257494194457426,-0.005106731400677302,0.0014534384676742613,0.002333600041042738,0.0026854807988134226,0.0007923087821182442,0.0017781387087446325,0.00020627779827940424
5,TPX,0.0013757124576456489,0.0008352154086891209,-0.00016123880318607967,-2.7597279716008585e-05,0.0009998196076227849,0.00401434064042331,0.004446108596110341,5.654299428768386e-05,-0.0006948856328060359,-2.647487482523204e-05,-0.00026552178201409086,-0.00013961551149004633,0.0010539005918294869,0.0011409047724784665,0.0009815071446930993,0.0010941741738606384,0.0009809409987148162,0.0012519366125613883,-0.0002977854301603628,0.000661094538634613,0.0009798994809467557,0.001714232224543565,-0.003893574737228102,0.0009605668984855272,0.0008552004539657827,0.0007923087821182442,0.002564403202650555,0.00131820871885653,-0.0001153743908443878
5,TRVCI,0.0019270618654880483,0.0015220852164327804,-4.98980112205177e-05,2.5545553476455565e-05,0.0018268550885204196,0.004423251877984401,0.004483542815866882,0.00013950878165543837,0.0005964281586581574,4.1431242878248434e-05,-0.0002592696313726261,-0.00011178645923039541,0.001837035581126255,0.0019439298211357933,0.0014041956579398777,0.002080565381734469,0.0016471518066184083,0.002363831284494425,-8.222387642727142e-05,0.0016242575879170944,0.001446689982651649,0.0023081498511309086,-0.006780371591026156,0.0017376150586771312,0.0015702811794589219,0.0017781387087446325,0.00131820871885653,0.0037175478674398776,-1.855356450779022e-07
5,U0A0,3.950750316520007e-05,6.794106542504134e-05,7.968518271291033e-05,9.572408474287444e-05,2.1633260508580596e-06,-0.0012699062919147538,-0.0014197221886682147,3.445791383925605e-06,0.00014073244017827043,0.00011420810916973601,8.094376922420712e-05,7.412745582936266e-05,7.961003412291843e-05,8.005487078637012e-05,6.003864046975818e-05,2.146591476077126e-05,1.0161992321866354e-05,-1.8648785689063738e-05,0.00013589680369250416,-0.00014420890898901614,8.699358938726711e-05,7.334957561805563e-05,-2.0101928834807576e-05,1.8305670795830736e-06,0.0001906929573191868,0.00020627779827940424,-0.0001153743908443878,-1.855356450779022e-07,0.00017657021632484836
