Date,RTY,TPX,HFRXAR,SPVXSTR,SPGTIND,GECU10YR,STCGUSRE,MXEU,GUKG10,MXUSMC,IBOXIG,NDEUCHF,Cycle,MXASJ,SPGSCI,MXEF,TRVCI,CY00,SPX,IADMGOLD,SPBDU1ST,BNDGLB,IDCOTCTR,DWCF,AD09X,ASX,LBUSTRUU,SPLPEQTY,SREITGL,U0A0
2006-10-31,0.007268384792592286,-0.004741013769474556,0.00715362980535339,-0.12313469735065663,0.03534941758732746,-0.08922103331717457,0.0205961207074159,0.004781606390583448,-0.1352210333171744,0.010062514258298627,0.01785998915243514,0.04097734430747746,2,0.01644355582877388,-0.011037862013468569,0.015090990025458773,0.0021467752630419668,0.0173377936758774,0.010760058994159216,0.036060704700195956,0.015172712760903373,0.018538476153473482,0.014283304919372242,0.010825888735060296,0.028761306681229115,-0.002266373273129396,0.014078377507963147,0.03493248492755452,0.022951246608879927,0.011103976709201824
2006-11-30,0.024508601918411088,-0.009250310339927736,0.0045633900306922826,-0.060956744247805617,0.059657112058001616,-0.04631361157371838,0.04285517563303465,-0.005513070846062007,0.0016863884262816597,0.034430062429486874,0.014583658366518648,0.10341543755825455,3,0.0728918278637476,0.0768483662053141,0.07035753257002142,0.038938531935789555,0.013344656724171067,0.016018893548642055,0.05879816543511396,0.012022822672970612,0.01632313226304749,0.010162833006842398,0.01977938630222198,0.02998589976593191,-0.006901158078797209,0.011220809539868704,0.04935954014964761,0.04898877199441731,0.00809758343979805
2006-12-31,0.007501929952359321,0.043171469392216055,0.0063322232437432735,-0.0472757710132361,0.018582335319452747,0.25592228443067966,-0.02939590067627562,0.03660654637137406,0.26992228443068034,-0.0035530138832216007,-0.012896648905829755,0.1338493915238248,3,0.03339329311660877,-0.07297739784400537,0.037403748709108564,-0.024591393951227003,-0.011319334873706621,0.013982471113098471,-0.016404735014964755,-0.02799637078224637,-0.01360798586942269,-0.011324599480171171,0.011899479039098049,0.025159506404457632,0.03162259389310251,-0.008859260884505948,0.019805824744104195,-0.003767302829432273,-0.006587634829947175
2007-01-31,0.006360310214267084,0.024323632487885494,0.014751450523801335,-0.13704518417949307,0.006215683106436831,0.14500522887923095,0.08341115774395336,0.01585018375342928,0.18900522887923055,0.02576453897080233,-0.0025959910551072163,-0.04511979790905807,3,-0.009714851290800741,-0.012942739296148975,-0.010610282896140522,0.03987579367717453,-0.0013586710214741338,0.008443050638186289,0.025144165597009493,0.0009572465245919481,-0.004841004421587858,-0.0028624039566955695,0.012065754439556375,0.00635645439103838,-0.006636022682476206,-0.0014438717655758104,0.02524221064800214,0.06594293913478433,-0.002345556926142134
2007-02-28,-0.011036318746311391,0.0155234781440865,0.0015034708442391853,0.05424087446525894,0.01076465993870146,-0.14519362269233715,-0.028631311785418223,-0.023353494236585615,-0.18119362269233763,-0.0036370596148640466,0.020588848207512722,-0.019917707857716405,3,-0.0043407941726045784,0.046401930150179016,-0.00880459155625024,-0.028686919161152513,0.017493723877303413,-0.024281928356727267,0.02721757568171812,0.020305046605947563,0.01589786574453056,0.014436064782596514,-0.020174525912294516,0.004783124831579055,-0.006424439034863116,0.013108700672091356,0.02532818108986623,-0.007877950681503432,0.009468401676814064
2007-03-31,0.005841830966056172,-0.026036085322693303,0.0018443408217665436,0.06703930392151136,0.03780942682561239,0.09654193608383999,-0.031727241913458215,0.0208528689142371,0.16854193608384005,0.0006942656300141792,-0.009634743150980007,0.034356383064336526,3,0.01677822843587151,0.039366422024266434,0.03325607887767035,0.00990560160278342,-0.007494604280282147,0.006472419999126622,-0.025757053859305934,-0.00042704001764715116,-0.003381611316734201,-0.004141268778786511,0.006353723110974485,0.02015600884771107,0.022750373141654734,-0.0034275554157261467,-0.006238274737509819,-0.009920948204079849,-0.005029056332320536
2007-04-30,0.03376515362234622,-0.009183734410698197,0.009602522895023835,-0.13259904660021116,0.03503771797341093,0.16120220853749734,0.012517447953529715,0.029178470785527377,0.14420220853749788,0.04687325792896457,6.742134708970227e-05,0.043413156436995504,3,0.04599404260537865,0.018443503918792903,0.04732907278798182,0.060991396677182674,0.001070676481476962,0.0484438261396547,0.011065886497637845,0.0008819166754814312,0.001064969810899985,-0.00048080546937123714,0.04567503422759733,0.040441412828591705,0.015779465252726776,9.192008074210278e-05,0.016339472271111877,0.010764081374787349,-8.541530321659607e-05
2007-05-31,0.018196564729132003,0.029027584725211053,0.014464063727199328,0.004924527351092056,0.02534999072065025,0.19938765187858332,-0.023337971263714063,0.0245412978585553,0.13738765187858304,0.01964348582705311,-0.009134571169490346,0.06175416286035995,3,0.04387819188957787,-0.017457167188335898,0.036546875761722664,0.025319398849484198,-0.007736485833691464,0.021556594262091888,-0.03199459024719031,-0.014405903770172035,-0.01095625537353806,-0.007719931511318112,0.02216599672500097,0.01523339370026422,0.026082285788492587,-0.006731629869068723,0.006058372128549205,-0.007877462815370162,-0.004619560316426519
2007-06-30,-0.017618179065856943,0.009256655746447073,0.006664539825431248,0.133352241260825,-0.020580599524360643,0.15038008699858718,-0.10382671751096506,-0.007574472749279693,0.20638008699858634,-0.02024223712950768,-0.010066706862063235,0.10754364683264761,3,0.04524675359845354,0.036942898077065855,0.04168465928783682,0.010245691858805195,-0.006501275316837862,-0.01959684382140381,-0.025163035234906594,-0.004005125819786848,-0.005625155974160911,-0.0022352170063300036,-0.019036977755336082,-0.002741993495532391,-0.011721068035141613,-0.004582537893284666,-0.032923447767697844,-0.08839978171358798,-0.006529256681874429
2007-07-31,-0.0727423028345946,-0.040661905016888156,0.0023032868283161534,0.2245558612755829,-0.0138387735510479,-0.2281860434772085,-0.08615392245605591,-0.03692266561418389,-0.25518604347720775,-0.04633453524777664,0.002800599766098699,0.09729378271142153,3,0.06526313879956813,0.052133094761224186,0.047689946243082204,-0.005503035178124449,0.0025381509684931913,-0.0336905443183948,0.011821754145866947,0.022237573186126625,0.01401769600791436,0.015576299713184305,-0.03673951749810378,-0.013253840106422388,-0.03555832963197858,0.007120742824594295,-0.06529308004228707,-0.06952977505171898,0.005695889656311515
2007-08-31,0.021115991603460005,-0.059326086508068476,-0.012430207441090912,0.18175247632293456,0.0012439696721140425,-0.1052157643485081,0.06008598474014559,-0.01000080089251898,-0.17321576434850772,0.002806672076056893,0.00576812032991314,0.06935967805294507,3,-0.016627108082046815,-0.041036466732189636,-0.02366495788414258,0.024850306638116715,0.01060910861466291,0.012565794716770329,0.01796314706589386,0.0130415973146214,0.012323584904226026,0.015618616263102014,0.011616803993705682,-0.019234822795418216,-0.008961392339951635,0.011966237458926665,-0.026510985665185727,0.03615767381689161,-0.004240158966196672
2007-09-30,0.013497792491319771,0.0029355061618412392,-0.0025838735768770604,-0.16969774597803067,0.052007850566790026,0.08474458758554348,0.03533098140614399,0.004202840477597114,-0.027255412414456615,0.024874134035965056,0.009503537234509807,0.17955785775651645,3,0.11063238646415652,0.09543540793570404,0.10073795482686254,0.05384691812985132,0.003215323846282203,0.032912871223034657,0.098871061789505,0.006579049921146662,0.010165717460512091,0.003080893684657582,0.03161489366216941,0.0501892832255022,0.014897760700556262,0.0053022975916769965,0.020610412322547234,0.03961520559703047,0.011273938296699981
2007-10-31,0.025377295141582934,-0.0001258700942843305,0.015717291731301763,-0.020603623819272165,0.05741041869446928,-0.09225767839633026,0.006287847737294072,0.025083981459500748,-0.08525767839633058,0.006248453812270682,0.010576631634922506,0.15127104411677816,3,0.09871576945861893,0.09065877923708943,0.10211056156826182,0.09453755334648939,0.00894466608257094,0.012455879392378577,0.06172991467588673,0.011418784480124344,0.009388358737401958,0.00564604092349974,0.015672655370319255,0.04371357015362065,0.03828244613359555,0.006685099565540753,0.03792581445276966,0.006554705933448091,0.0020172887939722273
2007-11-30,-0.07998503525821343,-0.06041015737281841,-0.006646671961911377,0.21000143656484083,-0.028445021036370033,-0.11743653845430346,-0.1065052944124818,-0.053289342758027214,-0.2954365384543043,-0.057242136800658816,0.00025366498400236637,-0.1496355818858528,1,-0.09471796940746424,-0.04066415484309127,-0.07843006284280962,-0.09031156659378992,0.006442331075705798,-0.04947932782372044,-0.020626939991983395,0.04139741163233923,0.014617187183942004,0.025854358168950764,-0.05206494716074106,-0.04890504132120688,-0.05589562877547971,0.013386817535717466,-0.10332453960651256,-0.0978945632376731,0.0020167713594632097
2007-12-31,0.0036451612387544685,-0.03892028568495398,-0.002079715272738092,-0.08879157006324512,-0.004936500732472204,0.21145655307857503,-0.07139645563064878,-0.0161194873624515,-0.08154344692142423,0.004115938753927573,-0.007991180509390183,-0.060295789405041766,1,-0.015803363036354767,0.05274602745817969,0.0024820614011362707,0.03834986553075659,-0.006051625984708764,-0.003334211786071073,0.06127670307568511,-0.011454779022547434,-0.007203465276234944,-0.003917686939980847,-0.003032830879277526,-0.021964623711847153,0.0026326864817747264,-0.0018991418550697858,-0.0597289223664168,-0.06206262638156712,-0.0011165875679237658
2008-01-31,-0.0808421106104471,-0.09381656744783262,-0.0015374252819575496,0.08647744137115465,-0.08900474377696854,-0.4110651836830117,-0.0004954245519894762,-0.12506358595261302,-0.08206518368301152,-0.08052451424427742,0.018942970086353927,-0.23164376327491842,1,-0.14260483249735634,-0.0051096358220203975,-0.13785928925882773,-0.1788013259322745,0.015389630797695286,-0.07205425822544465,0.09648211300636111,0.04907755399953251,0.026833515446122558,0.026644769906697174,-0.07209422076968908,-0.10086712872137094,-0.09570432676785723,0.017753957262838238,-0.09397453891438934,-0.029141380635199443,0.012003527308143358
2008-02-29,-0.04020830493456806,-0.017947604723790533,-0.006251640102905576,0.032347584131041884,0.012464251185070552,-0.04044900350187364,-0.04361610224955559,-0.012161478735675857,-0.009449003501874387,-0.02557236099465854,-0.0020388240563713467,0.10092889454641707,4,0.053624463362456964,0.10952087146636114,0.06855004836719303,-0.06829831654236163,0.00036709666298317956,-0.036828711343955156,0.04342007749340926,0.017166714392221394,0.007780863092084367,0.009524467515052315,-0.034140564247691074,0.018925033431473892,0.002848273080783059,-6.197660235862656e-05,0.013997411593649645,-0.018222894660789635,-0.05161428189403594
2008-03-31,0.0006958986158149827,-0.08971025126553656,-0.02586740298021084,0.004507382804554538,-0.02418359672257253,0.006095010927140709,0.05578390530647326,-0.0444411905934885,-0.1229049890728584,-0.019774731726737826,-0.013808542446221317,-0.13175744235827658,4,-0.06612620697852911,-0.018017256523036096,-0.05744156299257419,0.0327329068945037,-0.012687829551134122,-0.0078824013142329,-0.06401173205932498,0.005146092812375436,0.005411144182848382,0.005336196437487395,-0.010441840641345124,-0.0195499203681333,-0.030852797200704885,0.0015010571077320733,-0.03839464504416945,0.020496712325001276,0.027618707498765716
2008-04-30,0.03856681791947403,0.11180964913891711,0.0025245983526682725,-0.22703042311274824,0.03397276890537815,0.2223817427760062,0.05375302856492792,0.05420214089639619,0.3203817427760056,0.0603577816474925,0.004618177214337438,0.14343200300389136,4,0.07449466941269134,0.07345979540592507,0.07415476614304173,0.06920624365825145,0.0018279208452727236,0.04483268243606209,-0.05377720937092856,-0.03549320218680019,-0.010222848513191662,-0.018956180890208563,0.04591749335982809,0.04540698714576519,0.05576940934037933,-0.0037101820961236154,0.025075677790161288,0.03332638603325955,0.011608103050808838
2008-05-31,0.0401168983506337,0.032041057809641504,0.00878763647613967,-0.156118791196469,0.012797367399827397,0.27826293288739246,-0.0059114537053370775,-0.006752857938325807,0.31226293288739315,0.04035043148424089,-0.011826939950900783,-0.05457591625030611,4,-0.041078634140635284,0.08322912119200643,0.011678154214570302,0.09172928638793332,-0.01277129172822944,0.006880519540042318,0.00017189082380442144,0.003354926158350313,-0.013964110579886668,-0.015994567038585483,0.014954640517644169,0.004647347628734533,-0.009456729433269029,-0.011097035357696239,-0.0018379889509714253,-0.026644337694914366,0.001990719839168431
2008-06-30,-0.08853299300947715,-0.0715125465767592,-0.0075017731905493434,0.12845080845147105,-0.0820991949501284,0.20904964672968163,-0.12957848698769237,-0.11342684678366588,0.13704964672968067,-0.09646709666486153,-0.014080804918479295,-0.13636959882471622,4,-0.1356570735833511,0.08554474458151073,-0.11407177255370371,-0.08795841063425058,-0.010015341006627487,-0.09683390370136369,0.027535822800850873,0.008374338753303512,-0.006176168764605805,0.0014154394185448282,-0.09353858405406168,-0.09186171294822643,-0.08329995224603337,-0.007758757860010235,-0.1690946807783229,-0.12521503177595505,-0.01846151412456276
2008-07-31,0.030674707905661514,-0.01730708760041111,-0.01546269249129395,-0.03457191326101494,-0.045793550174236586,-0.2707446062889023,0.021527960300090854,-0.025108655975278005,-0.3287446062889021,-0.04709682755590627,-0.010870342471672068,0.018035870126570153,4,-0.019385912673612893,-0.13135771079290226,-0.047269026620301524,0.004964801249043305,-0.011745084231118419,-0.014652906775358687,-0.027211609550165328,-0.013987595850681878,-0.0060822107686711036,-0.0006713768373458606,-0.014802407511414373,-0.04187162965428293,-0.04274450377711769,-0.005560827659072842,0.02755926102416506,-0.004416188275506272,-0.003215264933658979
2008-08-31,0.046403343555450505,-0.06578574279908711,0.007293347512629111,-0.09353528906327835,-0.04273387063926837,-0.17510627142327984,0.029928580389425363,0.012723440465838287,-0.3201062714232785,0.02530377002276829,0.012877275778123476,-0.09579370413136701,4,-0.08309015526662922,-0.06691603648577615,-0.08410753440787477,0.031139418894538196,0.009042471146360143,0.026829155765173418,-0.09639364820732244,0.015738213934393563,0.0021961558513154955,0.014121069188403723,0.027228431881458626,-0.05155381388799629,0.0364077764145776,0.01058794025668508,-0.03628293665138571,-0.007481695460995752,0.01252396676233225
2008-09-30,-0.1288627767592243,-0.07864748349537232,-0.037615522492209674,0.394543479483612,-0.1303940470470475,-0.20751284308544182,-0.08197472681610973,-0.13333262359391584,-0.10251284308544273,-0.1938495907546387,-0.08676311767111988,-0.2307250923523454,4,-0.16859488793935595,-0.15831316843415744,-0.21133399067022696,-0.15489397910456093,-0.05470366029133489,-0.16229758471388545,0.08732064387142247,-0.029692703416902777,-0.005273161671172755,0.017044453713138008,-0.16122317114748208,-0.1349008682217554,-0.15346715957378665,-0.0016626764153353513,-0.10820720681982943,-0.0726563680368062,-0.0456527011378518
2008-10-31,-0.19576437749303344,-0.256864740147298,-0.03865026575496311,0.72084072949302,-0.2000498454984495,-0.06595593846532621,-0.31738782494440587,-0.11299175032336761,0.14704406153467386,-0.20616929832756414,-0.05490736174912636,-0.23846911919464786,4,-0.27714640158526704,-0.2938770020876277,-0.3003481585215667,-0.11820721659270694,-0.07690895067937709,-0.12680709978498472,-0.21828451029330564,-0.09341317086795586,-0.032546283397689835,-0.006350127401649197,-0.14030445915166967,-0.2551893245432636,-0.10681316107924632,-0.03046431376225167,-0.3560089908059162,-0.3391356313936825,-0.01780775751277075
2008-11-30,-0.11865134011735179,-0.029031854565178317,-0.009060083661488139,0.163766376645211,-0.05267493860570027,-0.6330706118079567,-0.2725735113324229,-0.06681700631068821,-0.7470706118079565,-0.08660303852952012,0.05973416776849583,0.05342674653459156,4,-0.05409317939233371,-0.13131791983977237,-0.07047521653836764,-0.04813008817728892,0.04488831857948761,-0.06886895822504602,0.1419086017755059,0.054739722670199,0.05034339729050352,0.05990450317597695,-0.07753334456307293,-0.04868469673792297,-0.014093251391073092,0.040960712425485934,-0.29741339942050604,-0.1768964921687467,0.011351057940959142
2008-12-31,0.025388677491904654,0.034067573282378194,-0.006675315512371438,-0.13710573931273207,0.06630391567466709,-0.3037645715731251,0.1094431480061252,-0.04292569839086824,-0.6737645715731252,0.02324928157079842,0.10373575253964595,0.0915761943782093,4,0.09585422831224555,-0.17921512674344797,0.07629711756520041,0.008296991743314552,0.062809788418284,-0.0010325004031407348,0.0903537837374947,0.049704964954086495,0.0566873173150525,0.04677765989407312,0.002537403975384822,0.06400692089345383,0.03293185970102097,0.044578229894055243,-0.09459163630779399,0.07127838566586664,0.015763291795861778
2009-01-31,-0.08621853227537146,-0.08035938615749272,-0.0106303677018178,0.011774388960249293,-0.09706417386839883,0.3455676475396072,-0.151763707937564,-0.030885225034784636,0.6135676475396066,-0.05394363276103986,-0.005801589743034352,-0.07461043478585738,4,-0.0562675523501297,0.032937516628148256,-0.06764784186323203,-0.012997549656742269,-0.006078336256583494,-0.07692317336416687,0.06901384869478688,-0.0015484443197348874,-0.021177398555345395,-0.0390812101389435,-0.07082602082742406,-0.10376904015337152,-0.05527372247048712,-0.013007609663793662,-0.17620699274790486,-0.13055421789934796,0.0417890131923353
2009-02-28,-0.13319424486806497,-0.050201703817998045,-0.003937749194155238,0.050512296857115224,-0.13935347300492662,-0.1860605487993361,-0.2445444828741392,-0.10375784418952261,-0.08306054879933544,-0.10888345431774749,-0.03213943756597093,-0.03431826211732858,4,-0.07049679113395602,-0.0019564510663423462,-0.060843251953070165,-0.019070087205835584,-0.016643181453566136,-0.11851709261985022,0.01234178845148648,-0.042130731134395916,-0.016678932152325743,-0.007349837843051432,-0.11534685151093971,-0.1067405608582579,-0.0765186160485305,-0.00584213893027119,-0.21512227860962696,-0.1970457583236893,0.002993699987912102
2009-03-31,0.08381428581436534,0.022810914557038764,-0.005575166275102461,0.04338236710549559,0.054508447771805635,-0.11734149714670572,0.027019537531111304,0.020642787906759885,-0.45634149714670524,0.07860734861432839,-0.010023626254092477,0.132824462599765,4,0.1288949744602803,0.06483449397359387,0.1330351132112897,0.030737033471552877,0.002568065329965563,0.08261123906793877,-0.033383276314754795,0.06467375480305915,0.014388695665196849,0.022603912294357542,0.08202146206394367,0.06129620171050032,0.028468732681229625,0.014464132239368155,0.19756106295301956,0.04104166716245139,-0.001019658815498481
2009-04-30,0.14200164530474857,0.07899746315367717,-0.0056624712411894595,-0.19299761170695917,0.06764198037995484,0.1833624913286538,0.26689316557018095,0.1249357693945432,0.3343624913286536,0.1331634167424045,0.023769140900419705,0.10447427970663514,4,0.15208224053468444,0.019579256105256126,0.1501464308862983,0.04471320282248725,0.02464761699623952,0.0891347062496235,-0.035184923853075256,-0.013776787090646225,0.0054953895973504086,-0.01917641128294112,0.09783111698643387,0.11896186382714347,0.09029811314286262,0.004132008411856125,0.26081335834209196,0.18193483182298187,0.023804752959713182
2009-05-31,0.027612137748914467,0.0684691140681859,-0.004601230769471609,-0.20327505018903613,0.10516284520571562,0.41016674592454994,0.016252672060508733,0.03857449526987944,0.24516674592454946,0.037263275501897564,0.032443545421769304,0.15849810023741595,5,0.14386574104056704,0.19063820104595441,0.1532333543686879,-0.0041483667068056285,0.03616976130487215,0.05088730434543143,0.09373486396007413,0.0024376612563963285,0.015038757781076217,-0.010957587117399026,0.04828414868088915,0.11567420012062746,0.03513329516666053,0.006394027043555628,0.15283096347504488,0.05713281301882356,0.01203646600216901
2009-06-30,0.007111542668282844,0.028794548818242838,-0.01804499276511695,-0.11999787064715317,-0.009031618127213648,-0.2090620989461338,-0.04462513368044441,-0.01921198737337626,-0.0630620989461339,-0.013642268074451458,0.02307352181672151,0.033932971765537445,5,-0.013031847597119395,0.00997818809351525,-0.021468876500308376,0.04844757544065903,0.01920516412281703,-0.0058662828820637,-0.0639583840610296,-0.011438813262581782,0.0049102148843056526,-0.008114092921259086,-0.003989912423652875,-0.01552479219555547,-0.042479726872299395,-0.00039053286509460605,-0.006676916057415383,-0.017246034674220923,-0.01649137557148972
2009-07-31,0.09122221216118409,0.022017748896123956,-0.005619668611769546,-0.09423047543764507,0.06759183127581836,-0.08579139413750236,0.09877687558638049,0.08818324548529,0.11120860586249814,0.0854913739515093,0.03947691170287304,0.10305524004315036,5,0.11933774578634115,0.016052502470820018,0.10335729854799092,0.0614800922886618,0.034191145716240934,0.07173058295139012,0.019150600010819696,0.009937962679934964,0.016249362457250394,0.004091418965447291,0.07408818687027474,0.08877557329004504,0.08041420686180545,0.01620958995371624,0.11250992298193752,0.09063402553417288,0.01799903733976227
2009-08-31,0.03850477350284276,0.01762014944633794,-0.008274260229139685,-0.06298858573479116,0.03577469031758973,-0.052228697361994314,0.13949780287956237,0.050460840147646735,-0.2482286973619945,0.06016360760786643,0.01865747979693122,-0.059369664998184746,5,-0.023258622734310563,0.017892941010277497,0.006547634714847206,0.008560657938381233,0.01530294461594739,0.03888976554159296,0.002017497611977781,0.000748306450947922,0.01163505455699898,0.004240605893350846,0.03985387622223158,0.05147528205111129,0.06640123982695467,0.005459322244284692,0.06794528203147987,0.12381489988615524,0.018320800796082892
2009-09-30,0.04009538303633331,-0.06447317078485515,-0.0018291808950197108,-0.15967328214756105,0.031423199723112916,-0.031157452492290627,0.043341066088159685,0.018856397869283725,0.0358425475077091,0.043275282807025306,0.020800731475541845,0.028391410531836136,5,0.06681257887187186,-0.009670046771549146,0.0697752989863023,0.0629278338212762,0.020396115537932857,0.025833510108204116,0.04906018864796646,0.016779344392352513,0.015109279996870839,0.00921879592581476,0.028999322770142832,0.03202526299160091,0.043125257936249994,0.011905555945724622,0.0684842818000222,0.05194572744235515,0.03813634833495971
2009-10-31,-0.0731599509388321,-0.01881221450870818,-0.008074580231307138,-0.033857561835443306,-0.02516301209840588,0.009001610168545504,-0.051077891901347705,-0.02358713905873877,0.025001610168545074,-0.04613421069464163,-0.003298629284885557,0.060442416591092396,5,-0.007851635720779626,0.0690226142615904,-0.0017686694876140052,-0.028648283674351127,0.005426092945632455,-0.021958255053632136,0.0342674358067514,0.016533916380819136,0.0021294854505766736,-0.0024999989702934045,-0.02929599706321362,-0.020189440278319815,-0.02123498422334702,0.002926977278947085,-0.07690633628154053,-0.03535184612482034,-0.027453376435161658
2009-11-30,0.027796936752735757,-0.06501894474443981,0.004731349662394191,-0.17613141223143414,0.04219798495806382,-0.07389447026029305,0.05926224176989736,0.006436395911598947,-0.09789447026029219,0.04194230306706048,0.012691598386432634,0.022378538620578592,5,0.024050458309719414,0.02934698702370797,0.03974184052642871,0.0860042065830755,0.012108367951140675,0.05388454532251474,0.1181987478542168,0.02425918103763669,0.017383310214657666,0.011883866458987757,0.05047474693284437,0.019370925816524664,0.022505653307303586,0.010969097905955127,0.01988844312162863,0.028347424997857917,0.004601305208080664
2009-12-31,0.08822435668726203,0.07713291180783322,-0.0008077264598551626,-0.20467718873243013,0.02643970652634553,0.22767063774726926,0.08217279504141373,0.05623437625239336,0.5426706377472688,0.06754128381849323,-0.012917601292650405,-0.01675639650498817,5,0.030708780040376693,0.023707615517682745,0.028094159066806013,0.1645247713168272,-0.008801105007727239,0.027385559404900617,-0.0779094767350792,-0.024622054821775707,-0.024303540813314095,-0.023937270957884005,0.03638440409957222,0.012094880317108148,0.03882338379660211,-0.01437825200333287,0.02443700843569796,0.04044130189423156,0.005803683395893655
2010-01-31,-0.05119145596939889,-0.007543418017128989,0.0029546365781221162,-0.03173816628880344,-0.045509242406894135,-0.19138911733134423,-0.07637040697471553,-0.02698673611333069,-0.1553891173313442,-0.04956292246785443,0.014067620312795182,-0.06967637368294932,5,-0.052660494940521385,-0.07736425262367375,-0.049526574644921606,-0.17436698475400947,0.015262287308507094,-0.04816463334731447,-0.008784336432013706,0.016341345655614514,0.011263939544356116,0.01252690473353324,-0.045812812972010786,-0.042379696704390124,-0.034998558623846154,0.01306527058468232,0.017398876049217638,-0.049258482102742196,0.004491401813833118
2010-02-28,0.04368564363334104,-0.007249479489570776,0.0028111757423985306,-0.1990726588910452,-0.008093520650526154,-0.09442867114127496,0.05078181345454058,-0.003286745722794082,0.12057132885872535,0.05228504827795599,0.00361622504754755,0.02227309477478978,5,0.004407917032356989,0.0630430023346038,0.003074646525277336,0.06991557038343088,0.004471983482200903,0.02868607289538505,0.029515484805193948,-0.017679906789357824,0.0006650071363620835,0.004430715811977626,0.032099455489108975,-0.003749452146123433,0.028850367184735104,0.004298699317688337,0.017692369638836025,0.0228675741140989,0.009532655001458279
2010-03-31,0.07642235377872941,0.09027695797818724,-0.01694404673605332,-0.21186661731617873,0.03650076487765608,-0.009242964388613384,0.09160775132438781,0.06833593676550676,-0.09224296438861401,0.06566488514335722,0.004097948391757367,0.052498659692111094,5,0.0688651422839981,0.023955390379391428,0.07624863739829513,0.09522223484400039,0.003596305823298618,0.05688979625686974,-0.004073604433236344,-0.00813734623303608,-0.0056908628936995775,-0.008709635323943754,0.05874840170407092,0.061574702608904186,0.061186052078313846,-0.0014732473494745157,0.0850456569546929,0.06397922260708855,-0.001423377771634815
2010-04-30,0.05427551715449086,0.008227341212142303,0.00563323312429409,0.003377065790528544,-0.01065562167846279,-0.07514567614111334,0.06574007022441952,-0.014133458585927183,-0.0871456761411129,0.035651383332801156,0.01727993513576953,-0.0037172754156817867,5,0.018246158499282128,0.03648836204883432,0.009409352326315013,0.012873694319948559,0.01529331285913793,0.014505792170750542,0.05429778772087923,0.03188098324817945,0.0074855612432140894,0.010257071386973404,0.02015963178274438,-0.01213036798412448,-0.016371779256414865,0.010210140609612228,0.027164912757791537,0.03964527856564315,0.012810400903644936
2010-05-31,-0.07953949357631163,-0.11617728050770171,-0.005937345542028849,0.32215346294839464,-0.12118977679753207,-0.3347053884929252,-0.05746699323091664,-0.06229372729093874,-0.2707053884929247,-0.07777446130846832,-0.003922782459213847,-0.05950625688110445,5,-0.09904734176026397,-0.11880556876788151,-0.10613070970638883,-0.09693400253228002,-0.00442542747226482,-0.08523704212669592,0.02762925849411002,0.004057899778718843,0.0017890078001283616,0.017288259071421175,-0.08408762816146242,-0.12469277583465721,-0.06843262243886605,0.008674276637549605,-0.14304287120707815,-0.08279314895300582,0.007521573311138008
2010-06-30,-0.08175914666511175,-0.042840554032870015,-0.006108961162272442,0.07651168876447412,-0.01450546197658098,-0.104692821367536,-0.05748071568322177,-0.0031229506991319322,-0.22569282136753643,-0.06349926908545611,0.02593936751464576,0.01633290883178007,5,0.022207622510454827,0.01451163357359797,0.001331679550393483,-0.0748685122503081,0.019409162986096407,-0.055081201499912025,0.02206048466895294,0.019365211011426853,0.017976191049352552,0.018773304798996415,-0.05805948689839613,-0.013859228713532401,-0.04942856501433979,0.0158669336530608,-0.0713648991010849,-0.035182450581961566,0.00013825719543558712
2010-07-31,0.06447809722187436,0.008311955804741089,0.005593259950091856,-0.3324658537184515,0.08863090855485023,0.0907549554739715,0.08944652842751921,0.046190105885943744,-0.031245044526027943,0.06616217071602026,0.019024853731448133,0.04150242020218897,5,0.05116648582838579,0.056874067935755335,0.07569663044061947,0.06124843331390384,0.01810055442614633,0.06527073874856093,-0.05024075258375671,0.002252624060078645,0.017887921889081504,0.005535765057237185,0.06475261456182224,0.08657353581091787,0.06415020631465129,0.009367297466906344,0.10175867186313425,0.09401511985686462,0.011713460369850104
2010-08-31,-0.07900922813449718,-0.055237918217375004,-0.009426903053206814,-0.035363666332981936,-0.01486636672124142,-0.5540222325882458,-0.016858169801841072,-0.015935139162405854,-0.4940222325882466,-0.04704117503789096,0.024817809319893414,-0.02892509888987238,5,-0.015265895132137608,-0.05112592709838548,-0.0228027883091535,-0.05903805831077236,0.019907182817267888,-0.04963403575862824,0.05280998999674669,0.01594547357866638,0.014981440520046796,0.019008172546485014,-0.0512364568695709,-0.0333707793261544,-0.007910554159255234,0.011763185827692091,-0.05751788884413944,-0.010570843541459318,0.022506325742464917
2010-09-30,0.11502435750306272,0.029380716037473498,0.012659913345163254,-0.2270222221835967,0.06409678016664166,0.15797780650740556,0.03823547753487411,0.03080893633667614,0.11697780650740608,0.09982180388700446,0.007980259999575523,0.0856444808142891,5,0.10389200810706445,0.08878329913731964,0.10219903226823845,0.1300220208175933,0.004793719685425302,0.0829062816026882,0.04553119496681113,0.020579175254348492,0.007616280629371808,-0.0008705650874736293,0.08731353172408962,0.09320696091643921,0.060410055296427956,4.293275333999702e-05,0.11924053918409605,0.060028092936255995,-0.0016188100475913458
2010-10-31,0.03714431167397514,-0.024995424536644606,0.003797894584289807,-0.28158926230063575,0.04221872407370597,0.24068266662499216,0.042205841508231146,0.021396589361570406,0.12368266662499172,0.037269740013226915,-0.003653711725279507,0.03586966438667005,5,0.023133294715906416,0.030284380841647973,0.02539294105188361,0.07312691200205546,0.00037857945914776536,0.03387566733567926,0.035021210681826176,0.023011285988812524,0.004592415832874508,-0.0038987683141868956,0.035054216867624,0.031482755607150636,0.02131339749164063,0.0012369024243197302,0.06243682568645692,0.039397374197306156,-0.004926016941968037
2010-11-30,0.031557338682763,0.058349295578509874,-0.005475293190237096,-0.05920787466339661,-0.05904014879911745,0.15048155384142925,-0.02471235419760287,-0.017265080982605596,0.14748155384142958,0.017696460416801507,-0.011230980095579213,-0.025589464675201512,5,-0.01697487544775722,0.01897349896264533,-0.02893123710754608,-0.017656674536747907,-0.010815957410099664,-0.003811355645630954,0.015851124464631106,-0.020921005403916837,-0.02028842650555962,-0.00834827892542922,0.0023066368583073427,-0.04512266910991336,-0.027233242018980697,-0.007282428013851039,-0.024418196360762146,-0.04275820715344558,-0.02456016170323405
2010-12-31,0.08035859298975945,0.0406304451690942,0.001673694938468362,-0.2639513641004414,0.04407223121478543,0.28659472044628975,0.041006063957919725,0.05207372092753415,0.24659472044628972,0.06356608261543739,-0.01796158164687567,-0.017426912766894898,5,0.04735893694917914,0.07444770103753351,0.060578029056603366,0.06417068107243606,-0.016464628930242586,0.06104205308668087,0.011525668633273423,-0.03213925612260171,-0.008016350133505323,-0.02405146602677144,0.06315757659212684,0.07251979416886867,0.07580757485709766,-0.016690152671579472,0.07904876830650354,0.053160293809896064,-0.02300387006270066
2011-01-31,-0.012746279356981471,0.010529185658181728,0.001643144537939012,-0.17079478768703416,0.03688793295308779,0.19405721823458943,0.024596315263201607,0.00957605052013255,0.18005721823458964,0.016507118082494276,0.005474446871583272,0.0006888444938408789,5,-0.009238003022491892,0.05040649675031661,-0.025530218014786943,0.027087065081728756,0.004375313595789354,0.02025938807264227,-0.05600480997050594,0.0063456208405487935,0.0039051013191913064,0.0012498959355879968,0.01792844447258668,0.023821798298091945,-0.01827890453522185,0.0026630333537407402,0.00901730446125848,0.016011554673151185,-0.01213582981111161
2011-02-28,0.050678226910009894,0.042339731635425704,-0.00018309256885684633,-0.06708006915046871,0.024946142672147342,0.013074305448169454,0.040274659938546176,0.02102395869787843,-0.05592569455183094,0.035442034300499525,0.0022710199998861036,-0.02012655743322833,5,-0.04238922981960913,0.0509649255131559,-0.012083628180400208,0.02073967376286623,0.004088716709478302,0.02953090048831397,0.050795621004076086,0.004295073974516672,0.0013543048428519278,-0.002673551422882614,0.03170522767128903,0.02604319445279968,0.018335612946656088,0.0005726882706453829,0.06598305339466792,0.037789805676397226,0.014767722918117787
2011-03-31,0.020333108587990978,-0.09380210048823923,-0.0036731382547676716,-0.023174125102283227,-0.01861246003170347,0.18021551951452652,-0.02255458316746406,-0.04180796767356565,0.08321551951452655,0.008498029622176162,-0.004339970415864869,0.04806096636135315,5,0.056208134590350234,0.04531925782872204,0.05161359619221084,-0.008257292326390164,-0.002906296111103046,-0.004832331168411308,0.00659792714880858,0.00500784489419015,-0.0021043279922503544,-0.004446246107167262,-0.0008279648576632326,-0.017634444318013642,-0.01636904871282674,-0.0032321535667385604,-0.035283875016236976,-0.014655311188359832,-0.007369721145101593
2011-04-30,0.018305012047406866,-0.023179947884309993,-0.0016063602874445415,-0.24146098740592992,0.04296966648021128,-0.13381008895660385,0.05640824095455299,0.021609127502791647,-0.20881008895660402,0.024736813146535308,0.013697010278317823,0.017533603140609255,5,0.03456782638960698,0.03183537712057527,0.022355897310931017,0.043989001792346105,0.011340360410241335,0.022988811282255828,0.055891891513675684,0.023883290820284397,0.01514057035494032,0.007649369056059729,0.022915030530782143,0.04580412872806994,0.02525004129048858,0.008700864232572325,0.035486196120675384,0.05256473462822031,0.014654494403347318
2011-05-31,-0.01729777173857694,-0.017619930920337756,-0.009278639043658776,-0.09181372568113821,-0.021634976317601362,-0.20480020479070826,0.0031909849522320233,-0.009908218624251175,-0.19280020479070825,-0.005711478668939618,0.01691565987723931,-0.003148723525788766,5,-0.02098336731356265,-0.06207378333121549,-0.029446054140952915,-0.025625462944453004,0.013783794887963774,-0.013095082562075921,-0.007787197353309017,0.008386883508869625,0.007929850671501315,0.014633507283735137,-0.01264575402649526,-0.034997192477578265,-0.012622317709130249,0.012268595148037464,-0.043574754244312564,-0.001192076118970986,0.019247157929077163
2011-06-30,-0.024912222675333773,0.012727552267801201,-0.01365950931702642,-0.008549472484851606,-0.015351949169478019,0.004999999999999893,-0.03707528456961828,-0.02991541982038637,0.08800000000000008,-0.02315930416735945,-0.009262715215973216,-0.03815259737945986,5,-0.027250305912507322,-0.05583852961195035,-0.018797627199609757,-0.02241282999794514,-0.006793117166366436,-0.018426233301897632,-0.027770487617226003,0.011000209543237105,-0.0016629397719460925,-0.003346901666821722,-0.019568256685904117,-0.016714834508489318,-0.007832404916307212,-0.0029320236256751286,-0.04379278396379149,-0.02808596143829689,0.005051977780984096
2011-07-31,-0.03909075198287648,-0.010944024404019315,-0.00745617753493355,0.10798968967511091,-0.0301827188896151,-0.4886572589341205,0.012627118828214323,-0.028124645759825873,-0.5226572589341207,-0.03551648167161736,0.021268533014481728,-0.009926240919078344,5,0.006139640747833797,0.0237771603266117,-0.009091781673230548,0.04132558589913082,0.019030718359139387,-0.023365626369548087,0.07962296735449059,0.041138311542621375,0.017667563083097138,0.016298335681808718,-0.02543918757235697,-0.017286627860418013,-0.024752521034033803,0.014086185607521395,-0.05676901522155986,-6.064618996748372e-05,0.009165174390330266
2011-08-31,-0.09454134653288104,-0.09017183605350798,-0.011731923012882284,0.5056589690996107,-0.06343631218208312,-0.3213097525857411,-0.06439818785572804,-0.1125033660921666,-0.2583097525857405,-0.07085702784585202,0.005826031864546444,-0.10014145565264077,5,-0.10944439448508891,-0.019050665466631145,-0.09873241406420963,-0.06969129293053733,0.0010138727177597673,-0.060777244204861525,0.11208934195762499,0.017445060161332293,0.011637396928287913,0.025260968115365934,-0.06645051615950859,-0.09608322645630452,-0.07975643386308562,0.012194513186461364,-0.12046971757233838,-0.05815114547491351,0.012905784428589584
2011-09-30,-0.12209115536659088,-0.01368658119368149,-0.010240261383238192,0.3262140830172413,-0.059846842989457194,-0.3333738721913708,-0.1219407632944618,-0.0486071235983081,-0.1743738721913708,-0.103888303324009,-0.004461561943323034,-0.18591541232024245,5,-0.14514891861282386,-0.13381118090670974,-0.1613311144089682,-0.03887540657864452,-0.004215460258490289,-0.07584099973415359,-0.12092295375919981,0.0009622080806162003,-0.0034021295584096833,0.01601725706717172,-0.08368510160152987,-0.11810179068821558,-0.05496430987745171,0.005874406257994735,-0.15716389664806218,-0.1272854248098474,0.011269577084576987
2011-10-31,0.13969606702867488,0.003339605411002644,0.008091352981811184,-0.2772226269818079,0.07015669939660718,0.13755000848645094,0.1327453231377218,0.07439605866392007,0.006550008486450487,0.12662608239495654,0.02395053812937853,0.1407063165008342,5,0.1124602990339083,0.09156295713228957,0.1218823211530271,0.09482776743817922,0.01528760822987607,0.10185660013704112,0.05340421296064868,0.010981489760637508,0.004211633510184498,-0.008696875201279042,0.10735407416077525,0.09498025022053902,0.07446118165171356,0.0006236010698534855,0.14013195910764065,0.1098645416698334,-0.004547969745385849
2011-11-30,-0.006041172840793418,-0.04882132434186426,-0.007187662321453292,0.01846485920058827,-0.02765024978386199,0.25389227898849454,-0.04279514180818955,-0.015419235404761533,-0.12610772101150536,-0.009689492435734248,-0.026798665707004954,-0.0888582341805475,5,-0.08858106135356403,0.01429863893672989,-0.07047395723705874,-0.03761023243072037,-0.017754499388495493,-0.006179204448186315,0.01791028482425583,0.010208380669975536,-0.01067637347431516,0.0062391560959915715,-0.0065671618367146856,-0.0533757409763278,-0.009891810354059505,-0.0019756427931523213,-0.04618064019588841,-0.04442232756791009,0.004268878050819769
2011-12-31,0.0045831876224899926,5.536123208282895e-05,-0.0014491437729404755,-0.15011801638866573,0.0003124905647886589,-0.4511505314162174,0.04038282116235936,0.020064187841170478,-0.33515053141621753,-0.007329645643322502,0.026564114354714397,0.024361340840723278,5,0.00500840102421285,-0.020275085240236246,-0.013084994094842317,-0.025966065518955306,0.016966014705402044,0.008346022077929005,-0.10848941605372198,0.0034049910879099254,0.013424149252210915,0.009307181299441636,0.006361744938075509,-0.014610471057622698,0.007591370217250981,0.010780339790660731,-0.03068532861281814,0.012988230894872776,0.019444908144355066
2012-01-31,0.0660291781292397,0.034256918716201845,0.003882878895799635,-0.2870033953841382,0.025189935268551622,-0.04367977306530002,0.059417498887468057,0.03450287123118301,-0.008679773065299878,0.05816526238477504,0.02476880062575315,0.10110707045977296,5,0.09966956886328582,0.022479062411435713,0.10483787684613599,0.10539793649711271,0.01764121543808006,0.04098022594583739,0.10651638695910304,0.02662182481466502,0.009725109847587454,0.0022950370842425016,0.04659626133224393,0.05638356871563932,0.024235239931660324,0.007062603549622182,0.08444502696105172,0.05916161958908006,0.02353174932849278
2012-02-29,0.02108195799064827,0.09999449548631567,0.0031951693089320443,-0.08344503811666826,0.03272234935167084,0.029489031650006492,-0.01472027558058997,0.0354890176956868,0.1774890316500064,0.03972469293803638,0.012847478113011235,0.06162297097157765,5,0.055598189016413,0.06128730055156062,0.055727010606688054,0.07134335444228679,0.006637072926444887,0.03827636303642379,-0.031007747756993886,-0.005164189546888132,-0.003475605524157821,-0.008457004842391314,0.0378426864576209,0.050107551956283025,0.035636800632938836,-0.001740644144015313,0.0425267271820724,0.003821224713295379,0.00034314658860701286
2012-03-31,0.02201622043736573,0.02017725171199447,-0.00608947123412773,-0.3966046001009913,-0.00237590788573816,-0.025582929132237142,0.04399000202021219,-0.0059689010754919725,0.05341707086776304,0.017384206084193776,-0.01123233309562921,-0.07294831564298243,5,-0.03438205622821511,-0.022830523131091462,-0.03741134438737714,0.05853355911175995,-0.005986185844867764,0.02926860663033426,-0.022583451069489557,-0.00977388935468082,-0.00926008901480313,-0.011383835616115556,0.027252789600881178,-0.014178977786277303,-0.015187276090248725,-0.0070772323758296896,0.013156060328154195,0.026687755206314945,-0.008050934724317615
2012-04-30,-0.0068656991334190565,-0.061432612466082226,-0.004088039866640969,-0.03165806702165064,-0.003959325599428354,-0.09602670027107263,0.02758696190355092,-0.01753585590507445,-0.08002670027107284,-0.003947645926155374,0.007425094107391672,0.017697341016598145,5,-0.012339366238425242,-0.007231386785140792,-0.022328362123954726,-0.011589430478182727,0.009910380720379308,-0.00466134790306949,-0.012046511386721193,0.02019107822627486,0.009895489250984824,0.012506807667331366,-0.00382946982184329,-0.017603853280906634,-0.0006304793477553972,0.009201690191813938,-0.01835621885940686,0.02456178506310458,0.009686423020646373
2012-05-31,-0.07867661934378534,-0.10983267116237583,-0.0005814016169733982,0.2738904566067606,-0.08714164769739208,-0.497440265153287,-0.04943022250848239,-0.07708745500286929,-0.5524402651532869,-0.082028624493653,0.006959774187107914,-0.09385348873704613,5,-0.09367460185944365,-0.13647967995083699,-0.11613747810706121,-0.10469149170591807,0.0071052930355954835,-0.0670306124878075,-0.06343150231866401,0.026274240039633856,0.007341902296828184,0.018965866583350977,-0.06947909177048261,-0.128664753079748,-0.08057878584340061,0.011364360546726626,-0.09572600510681051,-0.058498993321349335,0.011069710037424851
2012-06-30,0.047572639929433835,0.0685186633958701,0.0012740730129003897,-0.34262277301947086,0.04860771798588304,0.38356688553125506,0.051229738169136896,0.04835513215414289,0.16356688553125487,0.027617433534426583,0.01115068457831847,0.02094722904173829,5,0.025223498268752254,0.005986590343338927,0.03425325351371922,0.04627887679235543,0.006444418140578501,0.039359546775092236,0.024171351693794252,-0.00103048303631037,0.0007834060474192217,-0.002769900664044256,0.03769971611384926,0.057272108727062454,0.04452876545745199,0.0009588443088353049,0.06762708472611956,0.05468358207817414,-0.00022017890013237285
2012-07-31,-0.014472419653072777,-0.044752731364966714,-0.002244113047638052,-0.09605384271467798,0.014255559595633294,-0.29790955151322884,0.017884007413313086,0.0402900578688552,-0.2639095515132286,0.005239756745694102,0.03353195294976885,0.014218695428525052,5,0.0220121883149611,0.059010066845515574,0.016113311701651867,-0.004650787159190095,0.02616208591160607,0.01260939745948253,0.011772273103724196,0.01787082628628678,0.014278132728688497,0.009918977786170124,0.00906760993028044,0.012344637414309467,0.012402590157627458,0.013789330392309118,0.013369322663761452,0.030118682173018385,0.016157168213000617
2012-08-31,0.027070272162422526,-0.01074402225564075,-0.001730335642126768,-0.17268786288641724,-0.006395617810528442,0.04461861373969511,-0.006834980395908019,0.012628626063099446,-0.010381386260305048,0.025769173939409917,-0.006710430693185998,-0.03624534812912117,5,-0.012396598544818893,0.0554602436542444,-0.009813493184478439,0.07092404712957023,-0.0004915471666002702,0.015189215744077167,0.04434988443623222,-0.006761145837920424,-0.0012911818724710145,-0.005576204890033409,0.01756422527656465,0.02068533621707047,0.010995448522088225,-0.0037282752517624473,0.023445315862174354,-0.0039826091714108,-0.00220229950538009
2012-09-30,0.027777468683830353,0.004892403584972005,-0.004454421243069273,-0.25989731586998976,0.020693602446745896,0.10502338553878565,-0.026116930815739625,0.0042874712562634976,0.2600233855387857,0.016077955326403437,0.010943642679617671,0.06036397620838807,5,0.06298617029786824,-0.01684956585456776,0.05378763164822464,0.012116681698145282,0.0038848768219863494,0.020970442588986504,0.037383860090110854,0.004175312208910764,0.002990227697972525,-0.006032195376373561,0.020911553495438273,0.027615925081757364,0.005808519131667023,-0.0016010348562489618,0.028214141530126913,-0.007772467255537041,0.0034730484744938117
2012-10-31,-0.02452880573287164,0.004711011795994757,-0.0046332047977921675,0.0519809420255859,0.012824933222337798,0.018074731316486403,-0.011991008248519286,0.004213353791597818,0.12307473131648639,-0.01623984413243651,0.009789086845573003,0.05363680483268851,5,-0.004993554877983364,-0.04487877484596403,-0.009262675663263664,-0.08686567170400927,0.009583775386467153,-0.0219131047420138,-0.03559278361435769,0.005511368235801228,-0.0019781507565035383,-0.0035972988378603077,-0.020807103978810026,0.0037080823089103987,0.006555239568650784,3.966708412850295e-05,0.009685268108396983,0.005723842408292157,0.0012945771203600742
2012-11-30,0.004861047615505765,0.0523472976327759,0.00713349087411741,-0.24563603064762463,-0.01762977047790093,-0.07502277906416843,-0.00495206279280902,0.021066114604824104,-0.07602277906416832,0.013747106337356652,-0.00013596347960698196,0.0194997806890016,5,0.02754374161919282,0.020095827170464542,0.012653633966758893,0.0249643612086623,0.0013472121835929052,0.003819879673491844,-0.0015813239753250663,0.0080967108648351,-0.00021336563476603843,0.0061675448961460155,0.005742103800618903,0.018934258409856408,0.014409940114382902,0.002553974180985019,0.0011909646579240096,-0.0009461754455544202,0.019133315174845844
2012-12-31,0.01231946804741113,0.09555054023885556,0.00431108415831527,0.276178704141432,0.014347879769519234,-0.07598529889296157,0.020410035820956796,0.010274422593347654,0.047014701107038204,0.007343694678516033,0.003225400976535009,0.04438234794207474,5,0.029573137905001157,-0.008668376747144824,0.046730595083151694,-0.020093388971729742,0.0015425476339138156,-0.009741958433982068,-0.031306973283800166,-0.007280910866610424,-0.0030343646624350074,-0.0030003677781619276,-0.006961839370963507,0.030933057217135018,0.012886193218680897,-0.00040768995754814075,0.02439971683455766,0.018693310579317557,-0.016253188577505573
2013-01-31,0.07986091705228127,0.08854255959615731,0.002643689692659379,-0.46989683143874306,0.03272492200739663,0.36909656630789267,0.04450057913212824,0.02875345222702652,0.2740965663078929,0.08234592352104109,-0.01631110384854395,0.04216330949035996,5,0.01564144442445503,0.045991049996257694,0.012118184355498052,0.045877219929256086,-0.009786848082357302,0.06509443365294931,0.007091897637637068,-0.013844855333953632,-0.012844113289975922,-0.010139589143753902,0.06872231567207265,0.04276131973503361,0.05617052525225219,-0.008924728939961213,0.09327792257732881,0.03405531182961763,0.006078847416184807
2013-02-28,0.0064252417752732605,0.03344533108577741,-0.0006652064253036549,0.003312636827194293,-0.008916080427797457,-0.22952303662946294,0.0069699116323698185,0.003931415135850269,-0.12752303662946285,0.009469905984431204,0.004547719127923511,-0.043643776186979455,5,-0.005664037600233041,-0.04456900754613402,-0.017075510694843477,-0.011417104191482341,0.002569886628069451,0.007476845258693299,-0.05751051919728978,0.0016423713601150247,-0.004033755006265682,0.001717397869781312,0.006996823194138191,-0.012398536143214844,0.015164308138425842,0.0014767559304496025,0.028237525699780885,0.005060169277316451,0.0007433995081442824
2013-03-31,0.0453082181528176,0.06264450792762732,0.0034134936035622454,-0.18700904546088315,0.02316728308563898,-0.1631163622951829,0.026300803532525507,0.01464807108369437,-0.20311636229518315,0.04090537284163409,0.0013514289082451336,-0.04477330611524921,5,-0.02155080629960915,0.012380488378807564,-0.019197612905907824,0.03683044014141468,0.002060586248230245,0.037239004834899725,0.003179266957647031,0.00565920899945882,0.0013457574777732129,0.0028572355247927783,0.03887531314572412,0.002567225300269649,0.011170438683468675,0.0026819412165745016,0.003261871028141905,0.03072144409266253,-0.0042243386478174605
2013-04-30,-0.0029853538306925387,0.11802561007068402,0.002725993205606514,-0.06059954406898349,0.041465198680622706,-0.07168730239797738,0.06473113924604146,0.010682064431140503,-0.07668730239797727,0.01640200016630544,0.023441017523380125,0.012521263882171674,5,0.0196732342032373,-0.046543622909190674,0.007905162853009351,0.014295881609756478,0.01780354980654142,0.01923685971894784,-0.07960571041480691,0.008842237716939927,0.01116367535565832,0.010142137471062185,0.016926181497984416,0.038525138261081615,0.0041306742468290025,0.011380512973140355,0.04224119641284929,0.05804001598133102,0.012777429200080626
2013-05-31,0.037872290971374234,-0.025625158655649294,0.008655412571369148,0.02565224721106496,-0.05873212051858001,0.2888878705471438,-0.06398508212659149,0.012471560958313255,0.31188787054714373,0.02022951740881762,-0.0322118136360352,-0.008925704618266472,5,-0.01674100009070223,-0.01459742184339774,-0.029963051898360682,0.0413015627261446,-0.02276934386185392,0.020438045298719842,-0.060065580208328306,-0.053586808039763234,-0.024432551651896617,-0.017360428931510796,0.021296108096389155,-0.026350108737745792,0.024259706224312616,-0.01811519677854445,-0.032355653436803244,-0.07760016774852208,-0.013008488518986283
2013-06-30,-0.008124389533858078,-0.0030364477306568105,-0.001553401274818178,0.06872250664782431,-0.02939404285921743,0.22167308996505808,-0.025289564832934097,-0.055808891383235526,0.43967308996505805,-0.01571363401236603,-0.03573401809337362,-0.07382172351779115,5,-0.06595132970186057,-0.008109028698187082,-0.0716921161972115,-0.04472707641584606,-0.028849291891935636,-0.016439863032643665,-0.12194244350460348,-0.057828150296369785,-0.01409952815668003,-0.012006891358290694,-0.01572549418620106,-0.043065120917296085,-0.05578234804444371,-0.01691633929062597,-0.02044162544406536,-0.034737800267835794,-0.03396578782041182
2013-07-31,0.06587111178423011,-0.003069154392941309,0.004999215717630845,-0.3273235926396618,0.03888273239733819,-0.05917997950618736,0.006974182344170243,0.048053666342781076,-0.08617997950618705,0.055564817878558825,0.008547418165463894,0.0384967973662389,5,0.013767632348743453,0.042573098796677256,0.006468849021282308,0.1017894916761104,0.005597608381991526,0.0470977783707871,0.06775872172110531,0.0017731315556381855,0.005130580587459965,-0.0025430450670029803,0.050373815158129664,0.05005067263123286,0.06361954881284304,0.0001862774959702218,0.05369753151139789,0.0037346625864393967,-0.011608461363034062
2013-08-31,-0.0349346579879839,-0.02442802362767349,-0.008711554553323175,0.12320953496810638,-0.03517763256126738,0.18449779332719096,-0.07702636206487501,-0.009917952594816093,0.4124977933271907,-0.028950195278107493,-0.006322496059849136,0.022471481146123296,5,-0.01926154310103012,0.026916997079294624,-0.020692072560872354,0.02501893176022385,-0.009046114008934403,-0.033300468356127766,0.049956864653433186,-0.012022172216854088,-0.005658843309244155,-0.006150576476819936,-0.03274996813333786,-0.013777197383745055,-0.030262766935113206,-0.006626956017964147,-0.028384110200967427,-0.06294691508220307,-0.018080636571930597
2013-09-30,0.05940064705701431,0.07564365654562799,0.0012080992448701977,-0.14058601267493565,0.05754501359592723,-0.07795399697667871,0.024859703307477332,0.041376293455461344,-0.051953996976678685,0.04338766538797767,0.004529630022847897,0.050292120675965,5,0.04934741021753197,-0.039192010731008864,0.05949215252432527,0.07044596809584203,0.008519764783584627,0.028361547411322796,-0.050668497615064645,0.015880695583355475,0.011981943112239435,0.005862825906119973,0.03366546318750441,0.06533078949453941,0.008797651581061494,0.00846838033827968,0.08086377703452463,0.04664256090880947,0.022203102460534474
2013-10-31,0.023767741134370635,-0.00035863357059851,0.009169195299177257,-0.136295465593252,0.036374408934551905,-0.10549261672241794,0.04141284532299272,0.036403066501982106,-0.10449261672241805,0.03087700798518833,0.018528751700726875,0.0243013904917313,5,0.04190470867175344,-0.016238965720926313,0.04596755580267731,0.032741880964254566,0.013936560162279843,0.04313736118966505,-0.005151585707358297,0.00864432052262698,0.008588128218914637,0.004285341455864344,0.03996844181478254,0.03143593315271298,0.03976508254457167,0.007559847331112035,0.007208965794740063,0.0355821689281588,0.008874758013144746
2013-11-30,0.03705608120915871,0.05146705927385531,0.0034279716785232672,-0.12478351469398197,-0.012634675262181982,0.017946142991928093,-0.05697176828546846,0.007353732182174166,0.15094614299192788,0.010576243920972228,-0.004350162456128626,0.046411494554044364,5,7.615755124801282e-05,-0.004916605646719585,-0.01677981075161883,0.044966885954208724,-0.004749147951889743,0.026609422556134188,-0.053098741575020814,-0.0164543612148651,-0.007795546839928225,-0.004279647669143127,0.02558248230235316,0.0031016038576408,-0.011390699462201948,-0.004805073136138649,0.02668841430707447,-0.04816413277498066,-0.0033259207833196136
2013-12-31,0.013735166961418521,0.032446862787199215,0.0009020989315784433,-0.06314685536066644,0.006170451248420861,0.23537027253836906,0.00013260418980287625,0.004204856659017153,0.2623702725383694,0.023772935621850344,0.0017412297922101416,-0.040854498733303934,5,-0.016256735326311222,0.02332558497680015,-0.017846459603721776,0.03921457371567527,-0.00249406964460519,0.01770795229242328,-0.046153486742669614,-0.01879344403002836,-0.007323712414118333,-0.009512071017991452,0.018634958451211325,0.010263911862741892,0.013001541212520173,-0.006268136329364182,0.009144088893866531,-0.0071278431577184165,-0.005156999281981989
2014-01-31,-0.02734754137950146,-0.06616843089255253,0.0056859273691931556,0.1580096711589607,-0.009161829150048373,-0.2724194890125564,0.03235921002470965,-0.016297361386769627,-0.3274194890125566,-0.024872108600641152,0.014075376368062553,-0.06643163638551863,5,-0.050730043959889226,-0.02292979731945044,-0.06889140973693264,0.023706372496790085,0.012745435653527704,-0.033699050439054634,0.03826643990696921,0.026517686555375786,0.013468719712769417,0.010759162490270757,-0.03016743481291817,-0.0398576699628479,-0.0307963179490236,0.012219032646223038,-0.013317261812644698,0.012269532518158766,0.02110197235849176
2014-02-28,0.04460810737384424,-0.007855277860365106,0.005726014901246579,-0.14104207168362048,0.04329587046559524,-0.035471286739545915,0.0454115144727405,0.04412265480325761,0.011528713260454015,0.05702349689130948,0.012450739775703212,0.025433990257617722,5,0.03231360439959552,0.04259583769618036,0.030945680050256108,0.06812632854190426,0.010738302784605303,0.041742095418002556,0.05886715134344378,0.0017668736647777905,0.007785247404347828,0.002210424149440726,0.043769563141313306,0.05027385166703091,0.04704455104668792,0.004831572635885628,0.03759327472399132,0.047375053392245015,0.012787019564941104
2014-03-31,-0.009260761968960196,-0.008044798825915578,-0.0007106099102429653,-0.025433503146600422,0.026987423664517785,-0.058780473327291194,-0.0005158180392568212,-0.012051397761329241,0.016219526672709428,-0.00485144702578566,9.573953294417237e-05,-0.017788952867084262,5,0.008204048409862885,-0.0019932561498761103,0.028011920825051995,-0.09069681066688151,-6.800365344794557e-05,0.006127767095272851,-0.036050783908409656,-0.006923259006171634,-0.0025707448845588843,-0.003595936221451268,0.0029573737597683447,-0.008106350783267047,-0.031540626357497104,-0.002485198106830566,-0.02124833885742916,-0.003004755986685481,0.0008517331151960406
2014-04-30,-0.04176816232685754,-0.03580928957966867,-0.004261786206743334,-0.051009492228171194,0.012748039366064834,-0.09860353908348674,0.02973042272756876,0.012270423696713717,-0.07460353908348694,-0.009421721464688115,0.010359470686567729,-0.02468630545553241,5,0.0038252467436623583,0.004012258020081649,-0.0009703509602370097,-0.05264209669587272,0.009131754553256766,0.0045781119449848084,-0.0028472748402568193,0.01591426140800367,0.00834917493153009,0.0038365753813995873,-0.0018963086168448662,0.008174484123108616,0.016302511408925024,0.006799576156490961,-0.026860636142827854,0.03149151851829002,0.011260135840852836
2014-05-31,0.005935378887354181,0.032150317897326586,0.00012588047738026908,-0.18005297569396306,0.01817920903843251,-0.11182430488024009,0.019807692949738387,0.017039447376179906,-0.09382430488024052,0.02411294960720567,0.015410267207552897,0.04476984780653903,5,0.0353545188901776,-0.005245790975697995,0.031220434631120453,0.06896646468639989,0.014570111178744183,0.019987893137694668,-0.0352308560616541,0.02755394622323215,0.008243422063782146,0.00851405977461872,0.018633031354763352,0.009885537205677641,0.008847460886876268,0.010496681945801667,0.009803814485605633,0.020958148535568766,0.012779341391078836
2014-06-30,0.04961957767567893,0.04901617504865219,0.006086149984858347,-0.16354519417763647,0.031757583441469395,-0.11362936372021193,0.005488832791724407,-0.006948230274985923,0.09937063627978815,0.027323570567787003,0.0004051504821520613,0.03058358565280206,5,0.01809435035899587,0.013038281973755561,0.021589816674819184,0.06121623416109068,0.0007652869121541617,0.018249615034574562,0.05460561405610442,0.002542067886947885,0.0027237947931999518,-0.002027612994002892,0.022786124768676475,0.01309398260757555,-0.015741571049178615,-0.000112723362304612,0.027016342887846045,0.010665586353880707,-0.0005968259357069794
2014-07-31,-0.0637688865583359,0.02033378139956432,-0.006563452930230307,0.11851459758761052,-0.023484263484101264,-0.0907173176743652,-0.002073685672146164,-0.016778452150096657,-0.06871731767436517,-0.028422389772471357,-0.0027673186483891943,0.07701377387875907,5,0.03190940084473204,-0.0583297844713464,0.013447479409385954,0.034418537594972376,-0.001953387289338915,-0.015912038037800835,-0.036183839096873394,-0.00047986527366128406,-0.005803851976337926,-0.002262094043207208,-0.021995003645592925,-0.01859685504456121,-0.004772537605516769,-0.003228455163085231,-0.0439410462367722,-0.0015281598362462123,0.0010422123797091398
2014-08-31,0.04759605699924041,-0.00864982318860541,0.007753092303230957,-0.12573094522140416,0.019956503888303168,-0.26473019982550505,0.02663627767189425,0.017615016494260338,-0.23373019982550458,0.044038683861311156,0.019595497817010532,0.002517916268692133,5,0.004386575574596208,-0.017230608733188824,0.02080310579351341,0.06562424739267847,0.01348206083618475,0.037233469781473794,0.004051223824783179,0.006310234093326983,0.009063136256630244,0.010618576294941562,0.0392500570660701,-0.0009584856440820744,0.015195698294958149,0.01124871202244826,0.0224732704319921,0.021708200051015147,0.01320420112117393
2014-09-30,-0.06480899148284669,0.0361866956958532,-0.002801505742275001,0.0997828882864904,-0.04304542678286394,0.05607400647982275,-0.06763536231465883,0.0018078825952323463,0.05607400647982219,-0.03635450896605219,-0.0189199209968387,-0.06683233115469056,5,-0.06341523146637096,-0.06274614177291626,-0.07984099593120186,-0.009217148245556306,-0.012613196399540616,-0.016561451868424282,-0.06289981371719877,-0.032450987411221544,-0.01750393436409814,-0.006376240578654713,-0.023982551043055356,-0.0485711721400528,-0.03037272743877617,-0.007739120524286047,-0.06278954782400659,-0.06940049106972923,0.0006018264101963489
2014-10-31,0.06273137595589606,0.005091250066577402,-0.003967549629356526,-0.025068626066997446,0.01462633149140391,-0.10643522522181148,0.0928105512570001,-0.01964422276175526,-0.17843522522181132,0.03119057900924105,0.011439987244055594,0.04176239651609581,5,0.018384443986286136,-0.06276265700704275,0.01019117337670572,0.035765483070082205,0.009293972317129473,0.02250116921771461,-0.03209122129782038,0.011579731606192745,0.0046382451259701085,0.009187633627354863,0.025648841141410195,-0.01888070370191297,-0.009094739730667989,0.009346084329822979,0.003703468974948443,0.0679825588724583,0.005646852450531092
2014-11-30,0.0006364467189774459,0.05679469204245091,0.0009357330103503259,-0.09854585379015646,-0.0020902276273444542,-0.14012407202525168,0.01797265812015514,0.030524231012994285,-0.3201240720252516,0.02162784572157772,0.010892394218193324,0.016421567461010866,5,0.003392176449914963,-0.1117606445419197,-0.01035742071826995,0.060569597252042584,0.006855381222263368,0.025113397394187054,-0.00022181160531875577,0.005641779420317405,0.0021666076044608573,0.008999683365177091,0.022713423745916117,0.008327579502897642,0.026201442596466507,0.007947098997891366,0.03256667619487974,0.014171898494116597,0.0019969397057444382
2014-12-31,0.03551313056156413,0.00012231176297738955,-0.005523196274849873,0.05220304583183211,-0.0018336490316359644,-0.157869063965691,0.032568496100513045,-0.01679062055212288,-0.13386906396569098,0.009736834612934508,0.000886607882048196,0.004564829485119937,5,-0.025652777906669755,-0.12669598285773365,-0.049061785506987476,-0.02781442364065967,-0.0007800696932562801,0.00829791677177738,0.0342939693281199,-0.01759940044341679,0.001630666141439363,0.002640648592700856,0.01011135993095813,-0.028398571544253848,-0.018138109726068663,0.002266833296188153,-0.019746355363691848,0.017624790337323226,0.007503852645768916
2015-01-31,-0.03624113462000533,0.009200139367574245,0.011048832670664588,0.22489703373073766,-0.0011598928049645352,-0.23415667466648632,0.050916777315701545,0.07723195924736981,-0.45615667466648624,-0.02808568531282063,0.037643367033846964,0.035299939609951814,1,0.03285682802709289,-0.08017627237813318,0.011180835226252128,-0.035021808368512986,0.0297422552706319,-0.038053785656867234,0.07852653352215544,0.054358491531404596,0.016717691978458404,0.03058332035727407,-0.03511407241256759,-0.00046085924950123314,0.03200970574250395,0.025393342919691086,0.0007503239126407379,0.04312338113976821,0.02229444864486485
2015-02-28,0.055514990873279046,0.07288489067281478,0.005611433257498355,-0.2785271488394203,-0.004340253999750132,0.024823863285555692,-0.039244864722293826,0.06435134115446317,0.4648238632855557,0.0565124085503923,-0.012832586416624991,0.03070904683858444,1,0.016870497666099382,0.07670035099868588,0.028202631647326726,0.09498612155689923,-0.008936262814452256,0.052262734716108206,-0.05398192001176394,-0.021280634366008577,-0.010632595470444706,-0.01703415977564049,0.05307388840007743,0.05395334879948788,0.03207396305486032,-0.010622047540729262,0.04775754409120481,-0.019570410016317652,-0.01148639080960212
2015-03-31,0.014228227177855324,0.011178003116418367,0.0023944450763782044,-0.0629152192426643,-0.011947104185796142,-0.14938183019548773,0.011058475960103564,0.011415963521583805,-0.22138183019548796,-0.0014282737781545762,0.002747835395641829,0.02240250321856685,1,0.0015210772949059148,-0.06153682033603047,-0.017373213542161814,-0.033091432036671975,0.0026357237377814258,-0.018930975681873186,-0.029978382377326085,-0.005581235259179529,-0.0023008875699677134,0.004967189008068473,-0.013329481306589841,-0.020282242033493603,-0.02316501942358684,0.0032494891454950547,-0.014623867920856348,-0.005491721336391642,0.0019345784865434368
2015-04-30,-0.02731235989944958,0.030780358616626646,0.0003059159608818085,-0.16141555092771442,0.03956293651860188,0.1850930236560529,-0.06269627094289154,-0.0055755534995980405,0.25709302365605313,-0.003877206477669315,-0.012620770171180684,0.15332805728074783,1,0.06748902597528028,0.11542833752221826,0.0715255947594513,0.03916626123877576,-0.005308363237826352,0.007577689570502866,-0.00675366695749835,0.008963248462035,0.00032699207076669623,-0.006238396992075845,0.002693570524255673,0.0407652457679295,0.02508712695680826,-0.0045009538703850716,0.02477431380342887,-0.03272909442910654,-0.005963268106178976
2015-05-31,0.019785234759519987,0.04789292640249343,0.00426880000279084,-0.14516850901611367,-0.022233728561812605,0.11937325173928631,-0.0067523706777956605,0.006142148791735913,-0.022626748260713647,0.00832555923056777,-0.008275490751401549,-0.03934030257677801,1,-0.029917041823201984,-0.016301495045683012,-0.04408926768692112,0.02046135854791764,-0.006132430301138747,0.008810037071126153,0.0017184024035454826,-0.014369745721606542,-0.012177595239827532,-0.0035181126775309934,0.010107202064549625,-0.013962892141377914,0.008181221666079708,-0.004038547097005463,0.0034783089681882373,-0.016562072518969906,-0.005101831776150867
2015-06-30,0.004239336532246618,-0.027873031172174656,-0.0055000259082218506,0.06933460644027267,-0.05349236297390547,0.2753084555007151,-0.053591783526665715,-0.05070652757066796,0.20930845550071497,-0.022799207523023668,-0.022247669133623305,-0.05955630799649203,2,-0.04641871044155188,0.0019432058038511002,-0.03404497121702921,-0.03716922811658474,-0.016935819151988163,-0.022927206412871826,-0.02095918988901957,-0.01510500983735863,-0.009624924766347576,-0.010566193459849771,-0.020564241356239243,-0.030748779926320857,-0.06320638156583502,-0.01265641271727791,-0.03636327801647976,-0.045211988516389745,-0.002923602201095221
2015-07-31,-0.013122593249138781,0.01683030726920709,0.001514192400998482,-0.24207041658908057,0.007454607292052273,-0.1208727131725772,0.05221009825623213,0.03769579593982986,-0.14287271317257733,0.007109983198665404,0.005443729653992868,-0.11477896165371515,2,-0.06965273265472405,-0.15330994758071004,-0.07622599627461124,0.07718239777627733,0.0043059946665469084,0.018676980109088248,-0.07293756100347881,0.0048216179471829435,0.004883925506056208,0.007417334761527172,0.014454716279263202,0.008308771093189726,0.02189049840960333,0.006056057891676403,0.010177123014008416,0.03541020103264714,0.007007879584337573
2015-08-31,-0.06303129491216852,-0.06831557620792283,-0.0011303601812708841,0.46283983721113975,-0.05216592479682136,0.0980869373724721,-0.043921337289182016,-0.08920874499910303,0.08008693737247219,-0.04757497984008863,-0.00540289647977632,-0.11679755322867047,2,-0.10359869715565617,-0.03414326143514179,-0.09456358072013993,-0.06269281556800133,-0.005303237460966503,-0.056110670725312506,0.03467720605515323,-0.008558849413396796,0.002051522388555771,0.001556283887623966,-0.056045824617733775,-0.06770132952032482,-0.06148638209302826,-0.0007492590733364501,-0.052782281612369086,-0.04836869113362541,0.0022393025296776337
2015-09-30,-0.05445222030646768,-0.09317342408775975,0.005449604709576228,0.024955651462015283,-0.036406963379449486,-0.15445959493751682,0.0018451747089311965,-0.04570820332417025,-0.19945959493751708,-0.04818324495603843,0.008589912390355892,-0.02632786489822614,2,-0.021866687441489674,-0.016879353420544696,-0.0344442456438685,-0.04386116657521466,0.003867778786216469,-0.0346854222785824,-0.015043995500328755,-0.004711173243799216,0.007491576818794421,0.00815313322633937,-0.039081409227537556,-0.05523500187152752,-0.028629031242124903,0.006678714576230149,-0.07578827791468257,-6.0123420613678036e-05,0.007319036471057139
2015-10-31,0.05273472791854861,0.09776466316347321,0.010113653952166679,-0.315628617427568,0.043871294166845765,-0.0713545845536776,0.05209665608195646,0.07734229416522531,0.1586454154463226,0.06253819038566188,0.005624422549612262,0.08555098543986883,2,0.07472772190376187,0.010010529385558797,0.0667128330559148,0.14929676075243137,0.004250658554608933,0.07836475858724512,0.023923689355707545,-0.0006097593613070273,-0.0009595826393651308,-0.00490912593841486,0.07323378550912096,0.06945833204326757,0.04225017205938286,-0.0011841823783145244,0.05688332430911203,0.05243753746569446,0.002907371129680314
2015-11-30,0.02988134437776835,0.013211699315107905,-0.0059067897733993124,-0.010542919564147768,-0.0486123699165788,-0.04484005414054226,-0.009799695291534016,0.023919852877395398,-0.0978400541405422,0.002127848575465441,-0.001912954000167888,-0.035159308700382086,2,-0.0358512403958422,-0.07890925765047574,-0.041203144411908754,0.0239238932144914,-0.003389658117920691,-0.000335218525928882,-0.07082461251441807,-0.00032577150835089164,-0.00964602396439429,-0.005013033890663765,0.002418991077743682,-0.017529539769378433,0.001318551086801234,-0.0034871449221010042,0.008246241872302162,-0.01922398086252408,0.004049799254900455
2015-12-31,-0.040600665334120656,-0.020377560763458646,-0.00166888130997922,0.05758549260696455,-0.025813775803825045,0.1566940250933223,0.021674398736852396,-0.048646163417975785,0.16369402509332254,-0.022989717881399585,-0.010999324919529485,-0.015084222879750087,2,-0.009206057762133568,-0.08314566289421155,-0.02774284749338385,0.019567024544784317,-0.008709225635534779,-0.007535242563872835,0.0004705364344417262,-0.013239558187460254,0.0012251066533766064,-0.0027238517726226874,-0.012416234617424138,-0.009998610614604608,-0.008257386153314172,-0.00435587470164478,-0.04594383624105003,0.013540933930023868,0.008257068654700994
2016-01-31,-0.10484832008305922,-0.07755686209486345,-0.0014424858979804611,0.18840338006326807,-0.012252425091967112,-0.30416633560667233,-0.04547366247431395,-0.07044698521940518,-0.4281663356066725,-0.08446242478749877,0.002494938341875752,-0.13353730577768186,2,-0.07704473718721072,-0.027876613206845313,-0.06421054032030415,-0.0997309997728566,0.006489601765265363,-0.06169038085880807,0.05454533833627817,0.021338020802257773,0.012443307044119223,0.02264213627531486,-0.06884575645331115,-0.07907274915901219,-0.036984281566021515,0.015312315108318764,-0.08765736595433182,-0.042492035970397524,0.011087139197774931
2016-02-29,-0.00036563582353343893,-0.09734708854874141,-0.002401666473199726,0.04230617557681293,0.0076537265387134346,-0.2169351877237939,-0.004684917810087286,-0.024126321018517083,-0.22193518772379395,0.011413227024176797,0.012311455830268492,-0.02454532143364896,2,-0.009015281783122497,0.010867675066802973,-0.001686926156721058,-0.05763804938047434,0.008637660981244522,-0.0030720881638522934,0.10167817144389202,0.0162525935261838,0.01778017604903448,0.010002972752389261,-0.0017811745141843582,-0.014466364448826874,0.004040087378985091,0.008135443091853545,-9.144380593739676e-06,0.007908651289809554,0.002020621718731852
2016-03-31,0.07407598928343861,0.036752055571452,-0.0034275951286286688,-0.3470368685962033,0.07826185688910647,0.045432740265878235,0.0931057981308967,0.009339065750384234,0.07743274026587832,0.07717516563692128,0.034488185699955265,0.11188116572044815,2,0.10438180173376099,0.06257069430055728,0.12192180083671622,0.0968076129082458,0.023576395742847422,0.06333772518576075,-0.006189833866356631,0.017008791386049493,0.015568928050405217,0.0009027469691431644,0.06555477450195002,0.06528105292296327,0.014074681233671837,0.008563050229428937,0.0907654626204788,0.08607337064173914,0.003828616205556079
2016-04-30,0.02068238968171876,-0.007661045755935625,-0.0025066764477088554,-0.08232507728847693,0.01467173904455521,0.1012873412366159,-0.019651132926965076,0.03256680837386661,0.19028734123661595,0.01302846499115251,0.011588222359449674,0.006141055244007099,2,-0.0050993653551953955,0.10322180897011712,0.005925830042530222,-0.10754977892190531,0.007734619317330882,0.005059018950203331,0.02094448116803349,0.0031311561200739746,0.0033065804522420805,-0.005206934914767203,0.007623545984291269,0.025103117477186743,0.01804420858158018,-0.00022051778281984014,0.00916375487179355,-0.0034199300858137605,0.0043854893927433025
2016-05-31,0.01132730008430749,0.027642966808905323,0.003783586493671942,-0.18976168990787268,-0.007975837520292073,-0.11921561680759252,0.00787943083544218,-0.008377993947533247,-0.18021561680759257,0.007754347759856062,-0.0028887070172201046,-0.019586301799865202,2,-0.025279933817785816,0.029958186380300456,-0.04555806524908923,0.07233977970025696,-0.0003704757571048045,0.008921621104164723,-0.04727126461187825,-0.01307704207443261,-0.0025276549439838814,0.00026268480311597564,0.008959798491706694,-0.018487377262679017,-0.011839004715206825,0.0003821245877111412,-0.0007751851774828733,-0.0059618137643713265,0.00243437176519401
